_id,name,acronym,url,code,startDate,sgrCode,principalResearchers,otherResearchers,uncheckedGroupLeader,uncheckedMembers,ruct,sourceid,timestamp,orcidPrincipalResearchers,orcidOtherResearchers,orcidUncheckedGroupLeader,orcidUncheckedMembers
08070763-gr533,(un) - ONCOLOGIA CLINICA,,http://www.recercasantpau.cat/en/group/clinical-oncology/,A2-01,03/12/2010,,"Barnadas Molins, Agusti","Ramon Y Cajal Asensio, Teresa;Arqueros Nuñez, Cristina;Páez, David;Juan Linares, Eva;Salazar Blanco, Juliana;Escuin Borras, Daniel;Cerda Serda, Paula;Gallego Rubio, Oscar Salvador;Sebio Garcia, Ana;Tibau Martorell, Ariadna;Barba Joaquin, Andres;Teres Lleida, Raul;Majem Tarruella, Margarita;Anguera Palacios, Georgia;Virgili Manrique, Anna Cristina;Lopez Pousa, Antonio;Maroto Rey, Jose Pablo",,,Institut de Recerca Hospital de Sant Pau – IIB Sant Pau,08070763-gr533,08/02/2024,0000-0002-0429-1349,0000-0003-3490-3585;0000-0003-1249-2324;0000-0002-5596-6588;0000-0003-3167-9717;0000-0002-3581-4499;0000-0003-3538-0579;0000-0003-0101-188X;0000-0001-5665-0967;0000-0003-3333-2370;0000-0003-0229-6987;0000-0003-2500-0253;0009-0006-2831-1136;0000-0002-9919-7485;0000-0002-6060-1110;0000-0001-9733-6034;0000-0003-1066-3951;0000-0002-0030-0412,,
054-73098666480,"(ca) - Gèneres en Transició: Masculinitats, cossos i afectes,(ca) - Medusa, Gèneres en Transició. Masculinitats, cossos i afectes.",MEDUSA,https://blogs.uoc.edu/medusa/,"82,001070",14/09/2017,2021SGR0340,"Enguix Grau, Begonya","Abril Morales, Francisco;Núñez Mosteo, Francesc;Vayreda Duran, Agnès",,,"Universitat Oberta de Catalunya,Universitat de Girona","054-73098666480,043-UDG-GR001070",29/11/2023,0000-0002-5020-9019,0000-0001-7843-7163;0000-0002-5335-8896;0000-0003-0639-113X,,
G59319681-6096,(en) - Regulació mitocondrial de la mort cel·lular i l'esteatohepatitis,,,6096,,,"Fernández-Checa Torres, José Carlos","García Ruiz, Carmen;Navarro Medrano, Pilar;Solsona Vilarrasa, Estel;Insausti Urkia, Naroa;Ruiz Blázquez, Paloma;Vázquez Bellón, Núria;Goicoechea BARRENECHEA, Leire;Martinez Bosch, Neus;Moreno Merino, Mireia;Moles Fernández, Anna;Conde de la Rosa, Laura",,,Fundació de Recerca Clínic Barcelona-Institut d'Investigacions Biomèdiques August Pi i Sunyer,G59319681-6096,08/02/2024,0000-0003-3422-2990,0000-0002-2652-6102;0000-0003-4314-4584;0000-0001-9774-8055;0000-0002-1552-3707;0000-0003-1303-8326;0000-0002-0255-2875;0000-0001-5024-1396;0000-0003-3596-0039;0000-0001-9575-5112;0000-0002-3915-0060;0000-0001-9392-7320,,
022-5e6e1ed6-ff7b-4daf-8c38-e8f3bd7863fc,"(en) - Grup de Recerca en Educació i Treball - GRET,(ca) - Grup de Recerca en Educació i Treball - GRET,(es) - Grup de Recerca en Educació i Treball - GRET",,http://grupsderecerca.uab.cat/gret/es,5e6e1ed6-ff7b-4daf-8c38-e8f3bd7863fc,01/10/2009,2017SGR0887,"Merino Pareja, Rafael","Troiano Goma, Helena;Planas Coll, Jordi;Garcia Gracia, M. Isabel",,"Andreu, Marina Elias",Universitat Autònoma de Barcelona,022-5e6e1ed6-ff7b-4daf-8c38-e8f3bd7863fc,28/11/2022,0000-0003-1430-9853,0000-0002-8352-2415;0000-0002-9155-0870;0000-0001-6521-0437,,
043-UDG-GR000784,(ca) - Psicologia de la salut,,,000784,01/01/2017,2017SGR0098,"Planes Pedra, Montserrat","Gras Perez, Maria Eugenia;Mayoral Rodriguez, Silvia;Aymerich Andreu, Maria;Font-Mayolas, Silvia;Patiño Maso, Josefina;Cunill Olivas, Monica",,"Grau Martin, Armando Jesus;Timoneda Gallart, Maria Carme;Prat Genis, Francesc Xavier;Cebrian Fernandez, Natalia;Gomez Lima, Ana Belen;Hernandez Serrano, Olga",Universitat de Girona,043-UDG-GR000784,28/11/2022,0000-0003-1451-7759,0000-0003-4765-0871;0000-0003-0468-0093;0000-0002-5808-7757;0000-0002-4216-3604;0000-0002-2322-2437;0000-0002-1214-7339,,0000-0003-2954-6069;0000-0002-1838-5557
043-UDG-GR001017,"(ca) - MiceLab - Modeling, Identification & Control Engineering",,,001017,01/01/2022,2021SGR1598,"Vehi Casellas, Jose","Calm Puig, Remei;Figueras Coma, Albert;Contreras Fernandez-Davila, Ivan;Beneyto Tantiña, Aleix;Ibrahim, Muhammad;Ferrer Mallorqui, Ines;Ramon Guasch, Josep Antoni;Najib Ur Rehman, Syed;Luo Ren, Ningsu;del Acebo Peña, Esteban Fermin;Armengol Llobet, Joaquim",,"de la Rosa Esteva, Jose Luis",Universitat de Girona,043-UDG-GR001017,08/02/2024,0000-0001-6884-9789,0000-0002-2756-9315;0000-0001-7479-5027;0000-0001-6896-818X;0000-0001-8207-2259;0000-0002-7645-2498;0000-0003-0585-7460;0000-0001-6075-3539;0000-0003-1489-3543;0000-0002-5662-5558;0000-0002-0070-3940;0000-0002-5507-2808,,0000-0003-1412-4170
58863317-gr326,(un) - Cellular and molecular basis of sensory disorders,,https://idibell.cat/en/research/neuroscience-area/neuroscience-program/cellular-and-molecular-basis-of-sensory-disorders/,208,01/01/2009,,"Llorens Baucells, Jordi","Aguilera Roman, Cintia;Catala Mora, Jaume;Maroto Ferrer, Alberto;Barrallo Gimeno, Alejandro;Mendez Zunzunegui, Ana",,"Domenech Juan, Ivan;Cadevall Anglès, Marta;Esteve Garcia, Anna;Palou Miranda, Aïda;Cobos Martin, Estefania;Borrajo Arjona, Mireia",Institut d'Investigació Biomèdica de Bellvitge,58863317-gr326,28/11/2022,0000-0002-3894-9401,0000-0002-0363-8590;0000-0003-2152-8579;0000-0001-8265-4902;0000-0003-2086-8926;0000-0001-6393-1644,,
070-7060,(en) - Empresa Familiar y Emprendimiento (GREFE),,,7060,,,"Ruiz Viñals, Carmen","Freire Sánchez, Alfonso;Corona Ramon, Juan Francisco",,,Universitat Abat Oliba CEU,070-7060,16/02/2023,0000-0002-5900-3447,0000-0003-2082-1212;0000-0002-2617-0214,,
G60805462-gr300,(un) - Immunopathology,,,Immuno,01/01/1980,,"Martinez Caceres, Eva María","Ramo Tello, Cristina",,,Institut de Recerca Germans Trias i Pujol,G60805462-gr300,27/05/2023,0000-0002-6762-8025,0000-0001-8643-5053,,
022-5713ccf5-40ca-48a9-9793-6bcbdd3ba52d,"(es) - Fisiologia Vegetal/Plant Physiology,(ca) - Fisiologia Vegetal/Plant Physiology,(en) - Fisiologia Vegetal/Plant Physiology",,,5713ccf5-40ca-48a9-9793-6bcbdd3ba52d,01/10/2009,2021SGR0178,"Lopez Mesas, Montserrat;Tolra Perez, Roser","Llugany Olle, Merce;Sánchez Martín, María Jesús;Martos Arias, Soledad;Boada Romero, Roberto;Palet Ballus, Cristina;Gunse Forcadell, Benet;Henriquez Valido, Iris de la Trinidad;Busoms Gonzalez, Silvia;Valiente Malmagro, Manuel;Barcelo Coll, Joan;Poschenrieder Wiens, Carlota",,"Hang, Dong;Gonzalez Cobo, Carlos;Shirani., Reihaneh;Garcia Tenesaca, Marilyn Mishelle;Escolà Oliva, Glòria;Rodriguez Martinez, Jorge;Lopez Fernandez, Laia;Viltres Portales, Marcia;Yohai., Lucia;Corrales Pinart, Isabel",Universitat Autònoma de Barcelona,022-5713ccf5-40ca-48a9-9793-6bcbdd3ba52d,27/09/2023,0000-0002-4470-0194;0000-0001-8513-3520,0000-0002-9940-0383;0000-0003-1678-6055;0000-0002-7345-8421;0000-0003-4857-8402;0000-0002-7467-613X;0000-0002-7911-1330;0000-0002-4037-1223;0000-0002-9917-7118;0000-0003-0766-9922;0000-0003-3068-2738;0000-0002-3818-0874,,
004-UB-GR005252,"(ca) - Learning, Media & Social Interactions",,http://www.lmi.ub.es/,005252,01/01/2017,2017SGR0379,"Cano Garcia, Maria Elena","Sabando Rojas, Dorys Soledad;Puigdellivol Aguade, Ignasi;Lindín Soriano, Carles;Sancho Salido, Jordi;Bartolome Pina, Antonio Ramon;Grane Oro, Maria;Moral Ferrer, Jose Manuel;Llobet Estany, Marta",,"Compte Pujol, Marc;Iranzo García, Pilar;Jardi Ferre, Andrea;Valente, Riccardo;Iglesias Garcia, Ricardo;Suarez Gomez, Rafael;Crescenzi Lanna, Lucrezia;Tierno Garcia, Juana Maria;Fernandez Ferrer, Maria Teresa;Fabregat Fillet, Jaime;Barrios Aros, Rosario;Martínez Corcuera, Raul;Forga Martel, Maria;Torelló Oliver, Josep;Marca Frances, Guillem;Pons Segui, Laura;Frigola Reig, Joan",Universitat de Barcelona,004-UB-GR005252,28/09/2022,,,,
024-53378157530,"(es) - GBMI - Grupo de Biotecnologia Molecular e Industrial,(ca) - GBMI - Grup de Biotecnologia Molecular i Industrial,(en) - GBMI - Molecular and Industrial Biotechnology Group",GBMI,http://gbmi.upc.edu/,GBMI,22/07/2004,2017SGR0163,"Garriga Sole, Pere","Perez Gonzalez, Juan Jesus;Tzanov, Tzanko Kaloyanov;Asenova Ivanova, Aleksandra;Morena Gatius, Angela Gala;Morillo Cazorla, Margarita;Perez Rafael, Silvia;Fernandez-Gonzalez, Pol;Ivanova, Kristina Dimitrova;Guaus Guerrero, Ester;Ramon Portes, Eva;Ferreres Cabanes, Guillem;Torrent Burgues, Juan;Puertas Segura, Antonio Jesus",,"Wang, Feifei;Ivanov, Ivan",Universitat Politècnica de Catalunya,024-53378157530,16/02/2023,0000-0003-4234-8382,0000-0002-0748-8147;0000-0002-8568-1110;0000-0002-7210-8905;0000-0003-4470-8249;0000-0003-3624-9900;0000-0001-9658-6090;0000-0001-6136-763X;0000-0001-9158-4088;0000-0001-9712-5325;0000-0002-0786-2792;0000-0003-3138-8506;0000-0002-4952-736X;0000-0002-0367-7207,,
08070817-NeuroBiT,(ca) - NeuroBiT,NeuroBiT,,grup31,,,"Otazu Porter, Xavier",,,,Centre de Visió per Computador,08070817-NeuroBiT,11/07/2023,0000-0002-4982-791X,,,
022-af85eba3-5e3d-43ce-a256-15b69e5b7814,"(es) - Patologia vascular en les malalties metabòliques i de l`envelliment,(en) - Patologia vascular en les malalties metabòliques i de l`envelliment,(ca) - Patologia vascular en les malalties metabòliques i de l`envelliment",,,af85eba3-5e3d-43ce-a256-15b69e5b7814,01/10/2009,2017SGR1410,"Ruberte Paris, Jesus","Navarro Beltran, Marc;Carretero Romay, Ana Maria;Nacher Garcia, Victor;Rodriguez Baeza, Alfonso",,"Barbosa Valença, Andreia",Universitat Autònoma de Barcelona,022-af85eba3-5e3d-43ce-a256-15b69e5b7814,28/11/2022,0000-0002-6861-5920,0000-0002-9678-6129;0000-0001-9377-4926;0000-0002-1340-4675;0000-0002-9181-5613,,
062-55753714599,(ca) - Grup de Recerca en Educació en Salut UICBarcelona,2021 SGR 00156,,2021 SGR 00156,01/01/2022,2021SGR0156,,"Martín Delgado, Leandra;Llargués Rocabruna, Esteve;Macpherson Mayol, Ignacio;Wennberg Capellades, Laia;Llaurado-Serra, Mireia;Alfonso Arias, Cristina;Virumbrales Cancio, Montserrat;Llistosella Piñero, María Creta;Elorduy Hernández-Vaquero, Marta;Mezquita Mas, Pau;Martín Ferreres, María Luisa;De Juan Pardo, María Ángeles;Fuster Linares, Maria del Pilar;Castillo Garcia, Jordi;Rodríguez Higueras, Encarnación;Gallart Fernandez-Puebla, Alberto",,"Moreno Chico, María Cibeles",Universitat Internacional de Catalunya,062-55753714599,27/09/2023,,0000-0001-6883-6144;0000-0002-0870-5799;0000-0002-4231-4038;0000-0002-6811-1343;0000-0002-5123-0581;0000-0001-6230-6804;0000-0003-3541-2948;0000-0003-0689-9005;0000-0003-3873-9137;0000-0003-4871-6764;0000-0002-3578-8315;0000-0002-3698-0106;0000-0001-7548-7528;0000-0003-4307-8345;0000-0003-1292-8570;0000-0002-9633-2151,,
G64045719-13935,(en) - Protein phase transitions in health and disease,,,13935,,,,"Bolognesi, Benedetta;Martín, Mariano;Badia Graset, Marta;Sanmartín Olmo, Trinidad",,,Institut de Bioenginyeria de Catalunya,G64045719-13935,27/09/2023,,0000-0002-6632-947X;0000-0002-9518-2630;0000-0002-9712-9163;0000-0001-8042-2008,,
08070672-139,(ca) - Grup de recerca en neuroimatge de malalties neurodegeneratives i envelliment saludable,,,139,,,"Gispert López, Juan Domingo","Lorenzo Díez, Thais;Brugulat Serrat, Anna;Minguillón Gil, Carolina;Vilor Tejedor, Natalia;Cacciaglia-, Raffaele",,,Institut Hospital del Mar d'Investigacions Mèdiques,08070672-139,08/02/2024,0000-0002-6155-0642,0000-0002-7664-8693;0000-0001-8988-5658;0000-0002-2782-6908;0000-0003-4935-6721;0000-0002-9216-949X,,
022-b56305ae-0728-4a3b-a7ac-9fcbb8620584,"(en) - Grup de Recerca Potenciació i Recuperació de la Memòria en Rates normals i amb Dany Cerebral,(es) - Grup de Recerca Potenciació i Recuperació de la Memòria en Rates normals i amb Dany Cerebral,(ca) - Grup de Recerca Potenciació i Recuperació de la Memòria en Rates normals i amb Dany Cerebral",,,b56305ae-0728-4a3b-a7ac-9fcbb8620584,01/10/2009,2021SGR0746,"Coll Andreu, Margalida","Torras Garcia, Meritxell;Guillazo Blanch, Gemma;Segura Torres, Mª del Pilar;Aldavert Vera, Laura;Marti Nicolovius, Margarita;Costa Miserachs, David;Morgado Bernal, Ignaci;Vale Martinez, Ana Maria;Portell Cortes, Mª Isabel",,"Morris, Timothy P.;Sánchez-Vives, Maria Victoria;Aguado, Fernando;LeDoux, Joseph E.;Guerra-Balic, Míriam",Universitat Autònoma de Barcelona,022-b56305ae-0728-4a3b-a7ac-9fcbb8620584,11/07/2023,0000-0003-4106-2606,0000-0003-2511-8788;0000-0002-8297-7100;0000-0001-6963-8625;0000-0002-1506-4790;0000-0002-8669-6285;0000-0001-5781-0774;0000-0002-6008-7449;0000-0001-7369-7134;0000-0002-7710-0101,,
004-UB-GR005262,(ca) - Grup de disseny i Optimització de processos i materials (DIOPMA),,http://www.ub.es/diopma,005262,01/01/2017,2017SGR0118,"Chimenos Ribera, Josep Maria","Barcelona Pons, Pol;Barreneche Guerisoli, Camila;Svobodova Sedlackova, Adela;Segarra Rubi, Merce;Fernández Renna, Ana Ines;Martinez Lopez, Monica;Giro Paloma, Jessica;Huete Hernandez, Sergio;Xuriguera Martin, M. Elena;Calvo de la Rosa, Jaume;Formosa Mitjans, Joan;Galindo Batanero, Esther",,"Espiell Alvarez, Fernando;Maldonado Alameda, Alex;Padilla Sanchez, Jose Antonio;Fernandez Lopez, Miquel Angel",Universitat de Barcelona,004-UB-GR005262,24/03/2023,0000-0002-9625-1511,0000-0002-3812-5699;0000-0003-3636-3180;0000-0002-3154-3724;0000-0002-2171-450X;0000-0001-9212-9714;0000-0002-1407-6327;0000-0003-3226-9752;0000-0002-8439-702X;0000-0001-5404-7849;0000-0002-1624-2595;0000-0002-9784-6103;0000-0002-3815-9506,,0000-0002-8758-0778;0000-0002-6816-6774;0000-0002-4302-3718
043-UDG-GRGRCT0068,"(ca) - Grup de Recerca en Equacions Diferencials, Modelització i Aplicacions",,https://edma.udg.edu/,GRCT0068,26/11/2001,,"Saldaña Meca, Joan","Juher Barrot, David;Espigule Pons, Bernat;Aviñó Andrés, Albert;Rojas Perez, David;Barrabés Vera, Esther;Aguareles Carrero, Maria;Ripoll Misse, Jordi;Pellicer Sabadí, Marta",,"Anglada Lloveras, Joan;Font Salvatella, Jordi;Calsina Ballesta, Angel;de Palau i Viñolas, Isaac",Universitat de Girona,043-UDG-GRGRCT0068,24/04/2024,0000-0001-6174-8029,0000-0001-5440-1705;0000-0002-8036-7851;0000-0002-6513-5155;0000-0001-7247-4705;0000-0002-8448-692X;0000-0003-2945-5685;0000-0002-1186-0175;0000-0003-4107-6610,,
044-UDL-GR000421,(ca) - Grup de Recerca de Dinàmica Fluvial (RIUS),RIUS,,000421,01/03/2011,2017SGR0459,"Batalla Villanueva, Ramon J.","Llena Hernando, Manel;Vericat Querol, Damià;Palau Ibars, Antonio Juan;Alcazar Montero, Jorge;López Alonso, Raúl;Béjar Maceiras, María;Tuset, J.;Muñoz Narciso, Efren",,"Herrero Casas, Albert;Masich Polo, Josep Maria",Universitat de Lleida,044-UDL-GR000421,28/09/2022,,,,
G65454308-23214731610,(un) - Cancer Genetics,,www.carrerasresearch.org,GRU1900023,01/05/2019,2021SGR1377,"Sanchez Cespedes, Montse","Pros Simón, Eva",,"Díaz Muñoz, Ana Cristina;Chidiridou, Savvoula;Ferrero Andrés, Ana;Merino Casado, Gerard",Institut de Recerca Contra la Leucèmia Josep Carreras,G65454308-23214731610,24/04/2024,0000-0002-6045-5627,0000-0002-2366-7866,,
042-URV-GR1839,(ca) - SIGNAMET,,,1839,01/01/2022,2021SGR1409,"Fernández Veledo, Sonia","Megía Colet, Ana;Ceperuelo Mallafré, Maria Victoria",,,Universitat Rovira i Virgili,042-URV-GR1839,27/11/2024,0000-0003-2906-3788,0000-0002-5101-9452;0000-0002-4460-9761,,
022-f551ed2e-b53e-4384-a44b-5d3d1d981baa,"(es) - Economia Ecològica ECONECOL,(ca) - Economia Ecològica ECONECOL,(en) - Economia Ecològica ECONECOL",,,f551ed2e-b53e-4384-a44b-5d3d1d981baa,01/10/2009,2017SGR1126,"Kallis., Giorgos","Savin, Ivan;Cole, Helen Vada Susan;Demaria, Federico;Drews, Stefan;Roy., Brototi;Gaitan Cremaschi, Daniel;Castro Santa, Juana;Foramitti, Joel;Marcos Valls, Alejandro;Scheidel., Arnim;Walter., Mariana;Anguelovski., Isabelle;Martínez-Alier, Joan;Van Den Bergh, Jeroen Cornelis Johannes Maria;Garcia Williams, Margaret Melissa;Villamayor Tomas, Sergio;Nogue Alguero, Borja;Triguero Mas, Margarita;Navas Obando, Grettel;Tran., Dalena le;Moren Alegret, Ricard;James, Annie;Bene., Daniela del;Kotsila., Panagiota;Naw Thiri, May Aye",,"Varvarousis., Angelos;Gu, Bowen;Heydenreich., Till Jacob;Mingorria Martinez, Sara;Radhuber, Isabella;King., Lewis Carl;Facchini., Francesco;Mastini, Riccardo;Music., Marta;Bourguignon, Robert Nicholas;Perez del Pulgar Frowein, Carmen",Universitat Autònoma de Barcelona,022-f551ed2e-b53e-4384-a44b-5d3d1d981baa,28/11/2022,0000-0003-0688-9552,0000-0002-9469-0510;0000-0003-0936-6810;0000-0003-4939-8243;0000-0001-6393-3121;0000-0002-5686-337X;0000-0002-1549-2330;0000-0002-6411-9460;0000-0002-4828-7288;0000-0003-4349-9828;0000-0001-9764-685X;0000-0003-4428-1038;0000-0002-6409-5155;0000-0002-6124-539X;0000-0003-3415-3083;0000-0002-4813-3633;0000-0002-5170-1718;0000-0003-3376-9564;0000-0002-1580-2693;0000-0002-4727-8259;0000-0003-2644-1042;0000-0002-1581-7131;0000-0001-8784-2646;0000-0002-7879-5275;0000-0003-0498-8362;0000-0002-1947-7007,,
042-URV-GR1823,(ca) - Escenaris i edificis religiosos medievals a la Corona d'Aragó,,,1823,01/01/2022,2021SGR0212,"Serrano Coll, Marta",,,,Universitat Rovira i Virgili,042-URV-GR1823,27/05/2023,0000-0001-9077-1359,,,
G60805462-gr312,(un) - Diabetes Research,,,Diab,01/01/1980,,"Alonso Pedrol, Nuria",,,,Institut de Recerca Germans Trias i Pujol,G60805462-gr312,27/05/2023,0000-0001-5844-2221,,,
043-UDG-GR001007,"(ca) - Grup de Recerca en Gestió Turística, GRUGET",,,001007,01/01/2022,2021SGR1595,"Rigall i Torrent, Ricard","Ballester Gonzalez, Ramon;Garriga Ripoll, Anna;Filimon Costin, Nela;Bosch Badia, Maria Teresa;Fluvia Font, Modest",,"Espinet Rius, Josep Maria;Moya Gutiérrez, Soledad;Aguiló, Eugeni;Velazco Portocarrero, Jackeline Raquel;Aznar Alarcón, Juan Pedro;Tarrazón Rodon, Maria Antonia;Vila Fdez-Santacruz, Mar;Costa Guix, Gerard;Montllor Serrats, Joan;Panosa Gubau, Anna Maria;Sayeras Maspera, Josep;Enz, Cathy",Universitat de Girona,043-UDG-GR001007,29/11/2023,0000-0002-6498-6580,0000-0002-9641-2207;0000-0002-7036-4817;0000-0002-5277-4230;0000-0002-1204-1956;0000-0001-8453-172X,,0000-0002-2091-6767
G59319681-620,(en) - Regulació de la microcirculació hepàtica en la cirrosi i malalties vasculars hepàtiques,,,620,,,"García Pagán, Juan Carlos","García Calderó, Héctor;Gilabert Solé, M. Rosa;Turon Masferrer, Fanny;Deulofeu Piquet, Ramón;Olivas Alberch, Pol;Pérez Campuzano, Valeria;Reverter Segura, Enric;Codina Jané, Joana;Montañés Lecina, Rosa;Orts Salvador, Lara;Campreciós Figueras, Genís;Hernández Gea, Virginia;Baiges Aznar, Anna",,,Fundació de Recerca Clínic Barcelona-Institut d'Investigacions Biomèdiques August Pi i Sunyer,G59319681-620,27/05/2023,0000-0001-9032-4954,0000-0002-8801-6394;0000-0002-7632-2626;0000-0001-5940-2838;0000-0002-0581-3727;0000-0002-1919-0284;0000-0002-5997-9511;0000-0002-4967-6947;0000-0002-1768-9460;0000-0001-9048-0869;0000-0002-3070-0310;0000-0002-3155-1468;0000-0001-7937-984X;0000-0002-6963-9203,,
58863317-gr343,(un) - Hepato-biliary-pancreatic pathology,,https://idibell.cat/en/research/translational-medicine-area/digestive-system-diagnostics-pharmacogenetics-care-support-and-clinical-prevention-program/hepato-biliary-pancreatic-pathology/,504,01/01/2009,,"Castellote Alonso, José","Secanella Medayo, Lluis;Busquets i Barenys, Juli;Gornals Soler, Joan B.;Baliellas Comellas, Mª Carmen;Lladó Garriga, Laura",,,Institut d'Investigació Biomèdica de Bellvitge,58863317-gr343,11/07/2023,0000-0002-8528-3112,0000-0002-8512-0364;0000-0001-6685-3135;0000-0001-8857-3556;0000-0002-3641-6484;0000-0002-3717-3306,,
08071147-13837,(en) - Attoscience And Ultrafast Optics,,,13837,,,,"Liu, Xinyao;Künzel, Swen;Chirvi, Katharina;Huijts, Julius;Elu Etxano, Ugaitz;Gualberto Bezerra de Souza, Tiago;Sun, Hung-Wei;Poborska, Julita;Sebek, Matej;Tyulnev, Igor;Biegert, Jens;Rivas, Daniel",,,Fundació Institut de Ciències Fotòniques,08071147-13837,28/11/2022,,0000-0003-0758-1541;0000-0002-0422-6053;0000-0002-3195-956X;0000-0001-9966-7494;0000-0001-7356-4470;0000-0002-0411-7682;0000-0002-6827-3844;0000-0003-3447-7125;0000-0002-5196-6951;0000-0002-6737-722X;0000-0002-7556-501X;0000-0002-7540-4902,,
Q5856414G-6104,(en) - Malaltia de Parkinson i altres trastorns neurodegeneratius del moviment: recerca clínica i experimental,,,6104,,,"Martí Domènech, M. Josep","Roig Garcia, Ana;De Mena Alvarez, Lorena;Cámara Lorenzo, Ana;Santacruz Sanz, Pilar;Compta Hirnyj, Yaroslau;Ezquerra Trabalón, Mario Antonio;Garrido Pla, Alicia;Painous Martí, Cèlia;Soto Gimeno, Marta;Fernández Sánchez, Manuel;Roldán Ramos, Pedro;Fernandez Santiago, Ruben;Valldeoriola Serra, Francesc;Sánchez Gómez, Almudena;Muñoz García, José Esteban;Tolosa Sarró, Eduard;Pérez Soriano, Alejandra",,,Q5856414G,Q5856414G-6104,28/11/2022,0000-0002-9872-7835,0000-0003-1822-4910;0000-0001-7096-0611;0000-0002-8005-9461;0000-0003-2111-9425;0000-0001-6443-0104;0000-0003-3246-6641;0000-0003-0652-6348;0000-0002-7027-3093;0000-0002-9949-1908;0000-0002-8558-9920;0000-0002-8653-6038;0000-0002-4582-0702;0000-0002-8680-4274;0000-0002-1645-538X;0000-0002-0986-1291;0000-0001-6608-3038;0000-0003-1614-7528,,
08070544-13149,(en) - ATLAS,,,13149,,,,"Harrison, Jack;Mir Martínez, Lluïsa-Maria;Juste Rozas, Aurelio;Martínez Rodríguez, Manel;Grinstein, Sebastián;Crespo Vicente, José Mª;Riu Dachs, Imma;Korolkov, Ilya;Van Daalen, Tal;Martínez Pérez, Mario;Orlando, Nicola;Sonay, Anil;Agaras, Merve Nazlim;Rosten, Rachel;Mamuzic MamuzicJudita, Judita;Casado Lechuga, Maria del Pilar",,,Institut de Física d’Altes Energies,08070544-13149,13/05/2022,,,,
044-UDL-GR000459,"(ca) - Grup de Recerca en Infància, Adolescència i Famílies (GRIAF)",,,000459,01/01/2022,2021SGR0513,"Balsells Bailon, M. Angels","Vaquero Tio, Eduard;Estrada Roca, Maria Asuncion;Domínguez Martínez, Ana Belen;Erta Majo, Arnau;Cortada Cortijo, Ma. Neus;Urrea Monclus, Aida;Massons Ribas, Anna",,"Fernandez Rodrigo, Laura;Ponce Alifonso, Carmen",Universitat de Lleida,044-UDL-GR000459,11/07/2023,0000-0003-3283-8222,0000-0002-6479-7712;0000-0002-3595-9145;0000-0001-5294-3658;0000-0002-2678-2763;0000-0002-3934-2169;0000-0002-8661-9191;0000-0002-4246-8416,,0000-0001-6323-2982
054-09777139591,(ca) - Technology-mediated SLA Research Lab,TechSLA Lab,http://techslalab.blogs.uoc.edu/,83,14/09/2017,,"Grañena Gimeno, Gisela","Canals Fornons, Eulàlia;Malicka, Aleksandra",,,Universitat Oberta de Catalunya,054-09777139591,27/09/2023,0000-0002-6322-9078,0000-0002-9605-012X;0000-0002-9966-5277,,
022-198c71bb-9848-422f-b362-7912763f3eab,"(es) - PALEOSTRAT: paleontological and stratigraphic record from Cretaceous and Cenozoic.,(ca) - PALEOSTRAT: paleontological and stratigraphic record from Cretaceous and Cenozoic.,(en) - PALEOSTRAT: paleontological and stratigraphic record from Cretaceous and Cenozoic.",,,198c71bb-9848-422f-b362-7912763f3eab,01/01/2017,2021SGR0127,"Oms Llobet, Josep Oriol","Furió, Marc;Vicens Batet, Enric;Poyatos More, Miquel",,,Universitat Autònoma de Barcelona,022-198c71bb-9848-422f-b362-7912763f3eab,27/09/2023,0000-0001-8355-847X,0000-0002-4582-3268;0000-0002-9761-664X;0000-0001-7813-8868,,
08033055-gr35,(un) - Ambiente y complicaciones en el embarazo,,,P02-09,01/01/2015,,"Gómez Roig, Maria Dolores","Sabrià Bach, Joan;Mazarico Gallego, Edurne;Almeida Toledano, Laura;Pérez Cruz, Miriam;Pascal Capdevila, Rosalia;Ferrero Martínez, Silvia-Irena;Muñoz Lozano, Concepción",,"González Bosquet, Eduardo;Lorente Colomé, Núria;Lip Sosa, Diana Lucia;Gorina Careta, Natàlia;Crovetto, Francesca",Institut de Recerca Sant Joan de Déu,08033055-gr35,11/07/2023,0000-0003-2329-1851,0000-0002-8154-9323;0000-0002-0069-7640;0000-0002-9263-7222;0000-0002-5132-0050;0000-0003-3874-7524;0000-0003-3444-4008;0000-0002-1165-8241,,0000-0002-6098-7658;0000-0003-0140-7411
G25314394-gr329,(un) - Unitat de Senyalització Neuronal,,,034,14/07/2017,,"Soler Tatche, Rosa Maria","Garcera Teruel, Ana;Celma Nos, Ferran",,"Miralles Exposito, Maria Pilar",Institut de Recerca Biomèdica de Lleida – Fundació Dr. Pifarré,G25314394-gr329,27/09/2023,0000-0003-0528-3102,0000-0002-2391-1216;0000-0002-2245-2740,,
044-UDL-GR000505,(ca) - Grup de Recerca en Orientació Psicopedagógica,,http://www.ub.edu/grop/,"000505,005833",01/01/2022,2021SGR0243,"Perez Escoda, Nuria","Gustems Carnicer, Jose;Ros Morente, Agnes;Oriola Requena, Salvador;Ribes Castells, Ramona Ana;Filella Guiu, Gemma;Lopez Cassa, Elia",Universitat de Barcelona,"Alvarez Justel, Josefina;Priego Ojeda, Maria;Priego, Maria","Universitat de Lleida,Universitat de Barcelona","044-UDL-GR000505,004-UB-GR005833",08/02/2024,0000-0001-6314-2792,0000-0002-6442-9805;0000-0002-5533-4564;0000-0002-2205-0020;0000-0002-9220-4881;0000-0002-0696-296X;0000-0003-3870-8533,,
08033055-gr29,(un) - Enfermedades infecciosas y microbioma,,,P02-07,01/01/2015,,"Muñoz-Almagro, Carmen","Redin Alonso, Alba;Fortuny Guasch, Clàudia;Rios Barnés, María;Henares Bonilla, Desiree;Brotons de los Reyes, Pedro;Fernández de Sevilla Estrach, Maria;Simó Nebot, Silvia;Launes Montaña, Cristian;Velasco, Eneritz;García-García, Juan José;Esteva Afonso, Cristina;Fumadó, Victoria;Noguera Julián, Antoni",,,Institut de Recerca Sant Joan de Déu,08033055-gr29,27/09/2023,0000-0001-5586-404X,0000-0002-8419-9090;0000-0001-7182-5745;0000-0002-2499-0817;0000-0003-2631-2718;0000-0002-2399-7320;0000-0003-3104-675X;0000-0003-2115-1695;0000-0002-0913-9303;0000-0002-2400-3033;0000-0002-3483-528X;0000-0001-7133-4540;0000-0002-3287-252X;0000-0001-7485-0583,,
G60805462-gr302,(un) - Clinical and Experimental Microbiology,,,Micro,01/01/1980,,"Cardona Iglesias, Pere Joan",,,"Matas Andreu, Lurdes",Institut de Recerca Germans Trias i Pujol,G60805462-gr302,16/02/2023,0000-0001-5623-7873,,,
08071317-gr311,(un) - GRECAP,,,6G12/004,15/04/2012,,,"del Val García, José Luis;Verdú Rotellar, José María;Domingo Teixidor, Mª Mar;Viñolas Bargallo, Ernest;Muñoz Pérez, Miguel Angel;Soldevila Bacardit, Núria",,,Fundació Institut Universitari per a la recerca a l'Atenció Primària Jordi Gol i Gurina,08071317-gr311,27/09/2023,,0000-0002-0391-9368;0000-0003-4225-8504;0000-0002-2935-1272;0000-0002-8725-9431;0000-0002-4083-3248;0000-0003-0799-4979,,
039-TCN,"(es) - Theoretical and Cognitive Neuroscience Group (TCN),(ca) - Theoretical and Cognitive Neuroscience Group (TCN),(en) - Theoretical and Cognitive Neuroscience Group (TCN)",,https://www.upf.edu/web/cbc,TCN,06/07/2016,,,"Moreno Bote, Rubén",,,Universitat Pompeu Fabra,039-TCN,11/07/2023,,0000-0003-0398-014X,,
039-WINETW,"(ca) - Wireless Networking,(en) - Wireless Networking,(es) - Wireless Networking",,,WINETW,17/10/2018,,,"Bellalta Jiménez, Boris",,,Universitat Pompeu Fabra,039-WINETW,25/11/2021,,,,
043-UDG-GR000743,(ca) - Neurofisiologia Experimental i Anatomia clínica (NE&AC),,,000743,01/01/2017,2017SGR1279,"Boadas Vaello, Pere","Noriego Muñoz, Diana;Homs Avila, Maria Judit;Verdú Navarro, Enrique;Reina de la Torre, Francisco;Deulofeu Figueras, Meritxell;Casadesus Valbi, Josep Maria;Carrera Burgaya, Ana",,"Castany Quintana, Silvia;Alvarez Perez, Beltran;Rissech Badallo, Maria del Carmen",Universitat de Girona,043-UDG-GR000743,28/09/2022,,,,
022-479acd34-282c-47a6-9f39-3850f6dea310,"(es) - Grupo de Investigación en Sociología Analítica y Diseño Institucional - GSADI,(ca) - Grup de Recerca en Sociologia Analítica i Disseny Institucional - GSADI,(en) - Grup de Recerca en Sociologia Analítica i Disseny Institucional - GSADI",,http://gsadi.uab.cat,479acd34-282c-47a6-9f39-3850f6dea310,01/10/2009,2017SGR1172,"Noguera Ferrer, Jose Antonio","Quintana Medina, Julia de;Campuzano Punti, Joaquim;Sturm., Thomas Kurt;Miguel Quesada, Francesc Josep;Tena Sanchez, Jordi",,"Llacer Echave, Antonio;Medina, Francisco José León",Universitat Autònoma de Barcelona,022-479acd34-282c-47a6-9f39-3850f6dea310,28/11/2022,0000-0003-0263-8908,0000-0002-4358-3109;0000-0002-4055-8346;0000-0003-1521-0847;0000-0003-0720-4180;0000-0001-8569-5742,,
004-UB-GR005334,(ca) - GRC-Grup de recerca en lògiques no clàssiques,,http://www.mat.ub.es/~logica/grla/grla.html,005334,01/01/2017,2017SGR0095,"Gispert Braso, Joan","Moraschini, Tommaso",,"Torrens Torrell, Antonio;Gil Estallo, Angel;Garcia Cerdaña, Jose Angel",Universitat de Barcelona,004-UB-GR005334,28/11/2022,0000-0002-8528-369X,0000-0001-9784-3116,,0000-0001-6671-0572
042-URV-GR1798,(ca) - INNOVACIONS TECNOLÒGIQUES EN LA MESURA DE TRETS LATENTS,,,1798,01/01/2022,2021SGR0036,"Lorenzo Seva, Urbano","Ferrando Piera, Pere Joan;Dueñas Rada, Jorge Manuel;Vigil Colet, Andrés;Morales Vives, Fàbia;Navarro González, David",,,Universitat Rovira i Virgili,042-URV-GR1798,29/11/2023,0000-0001-5369-3099,0000-0002-3133-5466;0000-0002-8954-7947;0000-0003-3818-4514;0000-0002-2095-0244;0000-0002-9843-5058,,
G59319681-619,(en) - Recerca translacional en oncologia hepàtica,,,619,,,"Llovet Bayer, Josep Maria","Huguet Pradell, Júlia;Gris Oliver, Albert;Torres Marcén, Martí;Mesropian Badalian, Agavni;Balaseviciute, Ugne;Pinyol Agelet, Roser;Piqué Gili, Marta;Abril Fornaguera, Jordi;Keraite, Ieva",,,Fundació de Recerca Clínic Barcelona-Institut d'Investigacions Biomèdiques August Pi i Sunyer,G59319681-619,24/04/2024,0000-0003-0547-2667,0000-0003-1489-356X;0000-0003-1802-9541;0009-0007-2564-9139;0000-0002-0604-4755;0000-0002-4256-4336;0000-0002-0288-6314;0000-0003-4873-7776;0000-0002-5871-4052;0000-0003-1974-9479,,
043-UDG-GR000788,"(ca) - Grup de Química Bioinspirada, Supramolecular i Catàlisi (QBIS-CAT)",,,000788,01/01/2017,2017SGR0264,"Ribas Salamaña, Xavier","Valdes Rivas, Hugo Christian;Costas Salgueiro, Miguel;Pujals Crusat, Miriam;Borrell Recasens, Margarida;Iannace, Valentina;Font Rubio, Pau;Capdevila i Güell, Lorena;Call Quintana, Arnau;Nadal Moradell, Joel;Choukairi Afailal, Najoua;Palone, Andrea;Juvanteny i Palomeras, Adrià;Company Casadevall, Anna;Villá Roldán, Daniel;Yadav, Saurabh",,"Ubasart Clarà, Ernest;Magallon Gubau, Carla;Vicens i Serra, Laia;Cianfanelli, Marco;Chan, Siu Chung;Garçon Padilla, Martí;Dantignana, Valeria",Universitat de Girona,043-UDG-GR000788,28/11/2022,0000-0002-2850-4409,0000-0001-8815-0019;0000-0001-6326-8299;0000-0002-3923-3560;0000-0002-5821-7005;0000-0002-3093-3923;0000-0003-1138-5199;0000-0002-7538-9896;0000-0003-0970-7195;0000-0002-6619-0869;0000-0002-9971-6425;0000-0001-8482-6085;0000-0002-7408-2905;0000-0003-4845-4418;0000-0001-9813-694X;0000-0002-5350-9420,,0000-0003-4247-1866;0000-0001-6425-5238;0000-0002-2433-5601;0000-0002-2625-5023;0000-0002-3214-0150;0000-0002-0799-5800
08070672-29,(ca) - Grup de recerca en risc cardiovascular i nutrició,GRCARIN,https://www.imim.cat/programesrecerca/epidemiologia/riscvascularnutricia.html,29,,,"Fitó Colomer, Montserrat","Flores-Le Roux, Juana Antonia;Climent Biescas, Elisenda;Pérez Vega, Karla Alejandra;Benaiges Boix, David;Zomeño Fajardo, María Dolores;Blanchart Cuella, Gemma;Castañer Niño, Olga;Schröder-, Helmut;Malcampo Manrubia, Mireia;Hernando Redondo, Javier;Sala Vila, Aleix;Goday Arno, Alberto;Llauradó Cabot, Gemma;Muñoz Aguayo, Daniel;Tello Rovira, Susanna;Casajoana Badia, Anna;Chillarón Jordán, Juan José",,,Institut Hospital del Mar d'Investigacions Mèdiques,08070672-29,08/02/2024,0000-0002-1817-483X,0000-0002-7967-2664;0000-0001-6831-8224;0000-0002-7524-2034;0000-0001-5411-364X;0000-0003-1280-7680;0000-0003-1965-8235;0000-0003-3169-997X;0000-0003-2231-5081;0000-0002-1916-4537;0000-0002-6777-1649;0000-0002-5038-2794;0000-0001-7356-1595;0000-0002-3237-6366;0000-0001-8173-0168;0000-0002-0423-8281;0000-0003-2282-6965;0000-0002-8096-1703,,
004-UB-GR005755,"(ca) - Isocratía. Grup de Filosofia Jurídica i Política (abans: GRC Filosofia del dret, moral i política)",,http://www.ub.es/dptscs/filodret.htm,005755,27/04/2023,2021SGR0296,"Gimenez Merino, Antonio","Gordillo Ferre, Jose Luis;Alujas Ruiz, Juan Antonio;Ramos Toledano, Joan;Madrid Perez, Antonio;Estevez Araujo, Jose Antonio;Burriel Rodriguez, Pepa",,"Pedrol Rovira, Xavier;Aragoneses, Alfons;Farias Pereira, Javiera Natalia;González Fernández, Tamara",Universitat de Barcelona,004-UB-GR005755,08/02/2024,0000-0002-9281-4815,0000-0001-5919-2316;0000-0003-3321-2926;0000-0002-7163-9966;0000-0002-2580-6129;0000-0003-4680-7179;0000-0002-5426-3493,,
054-10992984590,(ca) - Urban Transformation and Global Change Laboratory,TURBA Lab,https://turbain3.wordpress.com/,45,14/10/2010,2017SGR1351,"Ribera Fumaz, Ramon","Colacios Parra, Raquel;March Corbella, Hug;Ruiz Mallen, Isabel;Erol, Alkim;Serrano Balaguer, Ivan",,,Universitat Oberta de Catalunya,054-10992984590,24/03/2023,0000-0003-3404-6309,0000-0002-5525-6180;0000-0003-2549-0803;0000-0002-9679-3329;0000-0003-0636-2099;0000-0002-9781-3096,,
G64045719-14648,(en) - Bioinspired Biomaterials and Interfaces,,,14648,,,,"Aparicio Badenas, Conrado José",,,Institut de Bioenginyeria de Catalunya,G64045719-14648,29/11/2023,,0000-0003-2969-6067,,
G63277776-14856,(en) - Novel Energy-Oriented Materials,,,14856,,,,"Anukriti, Anukriti;Pinilla, Adrian;Gómez Romero, Pedro;Fuentes López-Doriga, Víctor;Gonzalez Gil, Rosa Maria;Bengoa Abraham, Leandro Nicolás;Benages Vilau, Raul;Rueda García, Daniel",,,Institut Català de Nanociència i Nanotecnologia,G63277776-14856,24/03/2023,,0000-0002-0041-4970;0000-0002-4532-942X;0000-0002-6208-5340;0000-0002-7817-1649;0000-0002-0913-9629;0000-0002-0608-8248;0000-0003-0875-124X;0000-0003-3539-1585,,
08070672-126,(ca) - Grup de recerca en noves dianes moleculars del càncer,,,126,,,"Navarro Medrano, Pilar","Martinez Bosch, Neus",,,Institut Hospital del Mar d'Investigacions Mèdiques,08070672-126,08/02/2024,0000-0003-4314-4584,0000-0003-3596-0039,,
039-POLPUBLISO,"(en) - Public and Social Policies Research Group,(es) - Grupo de Investigación en Políticas Públicas y Sociales,(ca) - Grup de Recerca en Polítiques Públiques i Socials",,https://www.upf.edu/web/politiques,POLPUBLISO,13/04/2005,,,"Navarro López, Vicenç",,,Universitat Pompeu Fabra,039-POLPUBLISO,08/02/2024,,0000-0002-3310-3984,,
024-22379550593,"(en) - ARIENS - Architecture, Industry, Engineering and Sustainable Society,(ca) - ARIENS - Arquitectura, Industria, Enginyeria i Societat Sostenible,(es) - ARIENS - Arquitectura, Industria, Ingenieria y Sociedad Sostenible",ARIENS,https://futur.upc.edu/AR.I.EN,ARIENS,26/05/2016,2021SGR0588,"Peñin Llobell, Alberto","Coll Lopez, Jaime;Masip Bosch, Enric;Mendoza Ramirez, Hector;Ros Ballesteros, Jordi;Garriga Gimeno, Queralt;Partida Muñoz, Mara Gabriela;Valor Montero, Jaume;Felip Ordis, Olga;Linares de la Torre, Oscar;Fernandez Salas, Maria Elena;Lopez Alonso, Ignacio;Fernandez Gonzalez, Mario",,,Universitat Politècnica de Catalunya,024-22379550593,27/09/2023,0000-0002-5099-8644,0000-0002-5545-4814;0000-0002-6988-9472;0000-0002-0362-5175;0000-0003-2772-954X;0000-0002-5221-7442;0000-0001-5698-6321;0000-0003-4540-4677;0009-0007-5992-9841;0000-0003-1537-573X;0000-0003-4980-5638;0000-0002-6867-8542;0000-0002-5284-4278,,
004-UB-GR005313,(ca) - FARMÀCIA CLÍNICA I FARMACOTERÀPIA (FCFT),,http://www.ub.edu/farcli/wp0.htm,005313,01/01/2017,2017SGR1605,"Mariño Hernandez, Eduardo Luis","Modamio Charles, María Pilar;Fernandez Lastra, Cecilia;Ruiz Loscertales, Hèctor",,"Nicolas Pico, Jorge;Piñero Lopez, Maria Angeles;Segu Tolsa, Jose Luis;Aguas Compaired, Margarita;Bonafont Pujol, Fco. Javier;Gilabert Perramon, Antoni",Universitat de Barcelona,004-UB-GR005313,16/02/2023,0000-0003-4386-9315,0000-0003-3193-6285;0000-0002-2983-1284;0000-0002-5228-0417,,0000-0002-4159-0436
G60805462-gr377,(un) - Leukemia and Immuno-Oncology,,,28,01/01/2000,,"Belver Miguel, Laura",,,,Institut de Recerca Germans Trias i Pujol,G60805462-gr377,24/03/2023,0000-0001-7493-7072,,,
G25314394-gr340,(un) - Farmacoepidemiologia i farmacodinàmica,,,045,27/11/2021,,"Schoenenberger Arnaiz, Juan Antonio","Agusti Fernandez, Marta;Ribas Fortuny, Judit;Valero Cortijo, Alvaro;Nabal Vicuña, Maria;Bosch Muñoz, Jordi;Huerva Escanilla, Valentin;Pereyra Acha, Eduardo",,"Taberner Bonastre, Pilar;Martinez Sogues, Mireia;Querol Zamora, Esther;Gilabert Sotoca, Marta;Cano Marron, Santiago Manuel;Rius Perera, Judit;Martinez Castro, Beatriz",Institut de Recerca Biomèdica de Lleida – Fundació Dr. Pifarré,G25314394-gr340,24/04/2024,0000-0002-8563-8358,0000-0001-5312-8882;0000-0003-0834-2577;0000-0002-9353-5797;0000-0003-4980-3210;0000-0002-9978-4700;0000-0003-3832-6981;0000-0001-5394-2999,,
043-UDG-GR000977,(ca) - Grup de Rercerca en Innovació Tecnológica al Sistema Productiu i Salut (GITASPS),,,000977,01/01/2022,2021SGR1589,"de Ciurana Gay, Joaquim","Arbussà Reixach, Anna;Bikfalvi, Andrea;Puig Miquel, Maria Teresa;Casadesus Fa, Marti;de Castro Vila, Rodolfo;Xifro Collsamata, Francesc Xavier;Marques Gou, Maria del Pilar;Espinosa Mirabet, Silvia;Ferrer Real, Ines;San Molina, Juan;Gimenez Leal, Gerusa;Garcia-Romeu de Luna, Maria Luisa",,"Jäger, Angela;Palumbo, Gianfranco;Vaudry, David;Ruiz Martinez, Santiago;da Silva, Jorge;Prester, Jasna;Silva, Beatriz;Bernardo Vilamitjana, Merce;Bartolo, Paulo;Lerch, Christian;Alberch Vie, Jordi;Alonso Almeida, Maria del Mar;Nguyen, Huong T.;Kloxin, April;Simon Villar, Alexandra;Quintana Badosa, Guillem;Sims-Mourtada, Jennifer;Kantola, Jussi;Martinsuo, Miia;Elizalde, Luis Ernesto;Vilkas, Mantas;Pego, Ana;Esteva, Francisco J.;Dean, David;Landberg, Goran;Heras Saizarbitoria, Iñaki;Sampaio, Paulo;Palcic, Iztok;Elias, Alex;Rodriguez, Ciro Antonio;Franceschini, Fiorenzo;Mastrogiacomo, Luca;Ozel, Tugrul;Ceretti, Elisabetta;Karapetrovic, Stanislav;Requejo, Ignacio;Castellano Costa, Jordi",Universitat de Girona,043-UDG-GR000977,27/05/2023,0000-0002-6574-5551,0000-0003-1488-1403;0000-0003-4742-820X;0000-0003-2715-7043;0000-0002-2406-2359;0000-0002-8099-8493;0000-0002-7417-9475;0000-0001-5536-8548;0000-0002-8304-5882;0000-0001-9535-1193;0000-0002-9821-2735;0000-0003-3371-8759;0000-0001-5122-7908,,0000-0003-1335-1582
043-UDG-GR000745,(ca) - Edificis i escenaris religiosos medievals a la Corona d'Aragó,,,000745,01/01/2017,2017SGR1724,"Boto Varela, Gerardo","Molina Figueras, Joan",,"Vendrell Sans, Marius;Sureda Jubany, Marc;Español Beltran, Francesca;Serrano Coll, Marta",Universitat de Girona,043-UDG-GR000745,28/11/2022,0000-0001-5904-5922,0000-0001-8156-7524,,
G60805462-gr371,(un) - Vascular Pathologies of the Brain,,,22,01/01/2000,,"Davalos Errando, Antoni",,,,Institut de Recerca Germans Trias i Pujol,G60805462-gr371,24/03/2023,0000-0003-2949-5679,,,
08072395-31.8,(ca) - Investigació Biomèdica en Tumors de l Aparell Digestiu,Investigació Biomèdica en Tumors de l Aparell Digestiu,http://www.vhir.org/portal1/grup-equip.asp?s=recerca&contentid=186773&t=CIBBIM-Nanomedicina.%20Recerca%20Biom%E8dica%20en%20Tumors%20Digestius,31.8,,,"Arango del Corro, Diego","Martinez Barriocanal, Agueda",,"Acosta Eyzaguirre, Daniel",Fundació Vall d'Hebron Institut de Recerca,08072395-31.8,27/05/2023,0000-0003-2953-3284,0000-0002-8809-160X,,
024-03585224743,"(en) - IS2- Sensors Intel?ligents i Sistemes Integrats,(es) - IS2- Sensors Intel?ligents i Sistemes Integrats,(ca) - IS2- Sensors Intel?ligents i Sistemes Integrats",IS2,https://futur.upc.edu/ISSET,IS2,01/01/2017,2017SGR1382,"Madrenas Boadas, Jordi","Cabestany Moncusi, Joan;Chavez Dominguez, Juan Antonio;Nikseresht, Sasan;Moreno Arostegui, Juan Manuel;Turo Peroy, Antonio;Cosp Vilella, Jordi",,"Amer Boixareu, Miguel Angel",Universitat Politècnica de Catalunya,024-03585224743,16/02/2023,0000-0001-5905-9179,0000-0002-6926-3322;0000-0001-7255-5054;0000-0001-9826-6429;0000-0001-5984-3596;0000-0002-3521-0230;0000-0001-9703-1281,,
004-UB-GR005403,(ca) - Física nuclear teòrica i de moltes partícules en interacció,,,005403,01/01/2017,2017SGR0533,"Ramos Gómez, Àngels","Guilleumas Morell, Montserrat;Menéndez Sánchez, Javier;Magas, Volodymyr;Mayol Sanchez, Ricardo;Pi Pericay, Marti;Barranco Gomez, Manuel;Parreño Garcia, Assumpta;Centelles, Mario;Julia Díaz, Bruno",,"Cleven, Martin;Maneu Victoria, Jordi;Escrivá Mañas, Alberto;Polls Marti, Arturo;Feijoo Aliau, Eduardo Alberto;Gallemi Camacho, Alberto;Gonzalez Boquera, Claudia;Mujal Torreblanca, Pere;Vinas Gausi, Francisco Javier",Universitat de Barcelona,004-UB-GR005403,28/11/2022,0000-0002-0882-1570,0000-0003-2011-1480;0000-0002-1355-4147;0000-0003-3701-8362;0000-0002-6976-539X;0000-0001-7706-262X;0000-0002-2592-474X;0000-0001-8263-7512;0000-0002-4156-3067;0000-0002-0145-6734,,0000-0001-5539-704X;0000-0002-3272-106X;0000-0001-8508-604X
044-UDL-GR000387,"(ca) - Neurocognició, Psicobiologia de la Personalitat i Genètica de la Conducta",,,000387,07/05/2014,2017SGR0008,"Aluja Fabregat, Anton","Blanch Plana, Angel;Castañer Balcells, Marta;Blanco Calvo, Eduardo",,"Balada Nicolau, Ferran",Universitat de Lleida,044-UDL-GR000387,22/03/2022,,,,
041-URL-GRGRENCORM,(ca) - Grup de Química Analítica (QuAn),,https://www.iqs.edu/ca/investigacio/area-cientifico-tecnica/grups-de-recerca/ecor,GRENCORM,01/01/2017,,"Abellà Iglesias, Jordi","Baguena Polo, Judith;Broto Puig, Francesc;Gomez Canela, Cristian;Blanco Roca, Mª Josefa;Colominas Fuster, Sergi;Comellas Riera, Lluís",,"Ribas Font, Maria Cristina;Gotor Navarra, Gemma;Verdaguer Ferrer, Ariadna;Margarit Roig, Lourdes",Universitat Ramon Llull,041-URL-GRGRENCORM,16/02/2023,0000-0002-5854-7514,0000-0002-5359-2762;0000-0002-4103-9564;0000-0002-7870-3799;0000-0001-9143-328X;0000-0002-7678-2489;0000-0002-9330-4841,,
08072395-32.14,(ca) - Fisiopatologia renal,Fisiopatologia renal,http://www.vhir.org/portal1/grup-equip.asp?s=recerca&contentid=186829&t=CIBBIM-Nanomedicina.%20Fisiopatologia%20Renal,32.14,,,"Meseguer Navarro, Anna","Martínez Martínez, Cristina;Ariceta Iraola, Gema;Madrid Aris, Alvaro Domingo;Burballa Tàrrega, Carla;Muñoz López, Marina;Vilalta Casas, Ramón;Durán Fernández, Mónica;López González, Mercedes;Ibernon Vilaró, Meritxell;Fraga Rodriguez, Gloria M.;Cantero Recasens, Gerard;Torchia, Julieta;Regis Plácido, Lucas",,"Jarrín Luengo, José Ramon;Semidey Raven, Maria Eugenia;Fernández Miranda, Gonzalo;Cruz Gual, Alejandro;Martos Guillamí, Nerea;Rios Duro, Hector;Chocron de Benzaquen, Sara;Arias Gonzalez, Raquel;Lara Moctezuma, Luis Enrique;Valdes Figueroa, Nicolas Jose;Tapia Torrijos, Iratxe;Nuñez Rodrigo, Laura",Fundació Vall d'Hebron Institut de Recerca,08072395-32.14,11/07/2023,0000-0003-3833-2249,0000-0002-3302-1129;0000-0003-1763-1098;0000-0002-5942-8488;0000-0002-0091-1459;0000-0003-4817-9639;0000-0001-9414-7756;0000-0002-6513-5948;0000-0003-4989-9056;0000-0002-7277-967X;0000-0002-7682-1396;0000-0001-6452-782X;0000-0001-6836-1820;0000-0001-7121-1946,,
G59319681-616,(en) - Malalties cròniques del fetge: mecanismes moleculars i conseqüències clíniques,,,616,,,"Ginès Gibert, Pere","Martínez Sánchez, Celia;Pose Mendez, Elisa;Graupera Garcia-Milà, Isabel;Fernández Gómez, Javier;Blaya Diez de Revenga, Delia;Ma, Ann Thu;Bassegoda Guardia, Octavi;Coll Loperena, Maria del Mar;Gratacós Ginès, Jordi;Fabrellas Padres, Nuria",,,Fundació de Recerca Clínic Barcelona-Institut d'Investigacions Biomèdiques August Pi i Sunyer,G59319681-616,24/03/2023,0000-0003-4657-4504,0000-0002-9837-7361;0000-0002-0224-7686;0000-0001-9170-9784;0000-0002-5622-0489;0000-0001-5402-4612;0000-0002-9059-111X;0000-0002-6036-6026;0000-0003-3726-0087;0000-0003-1181-7238;0000-0001-6720-0291,,
042-URV-GR692,(ca) - Grup de Recerca Cardiovascular,,,692,01/01/2017,,"Alegret Colomé, Josep Maria",,,,Universidad Rovira i Virgili,042-URV-GR692,28/01/2022,,,,
08070763-gr545,(un) - INVESTIGACIO FARMACOLOGICA EN HUMANS,,http://www.recercasantpau.cat/en/group/pharmacological-research-in-humans/,A3-05,03/12/2010,,"Antonijoan Arbos, Rosa Maria",,,,Institut de Recerca Hospital de Sant Pau – IIB Sant Pau,08070763-gr545,29/11/2023,0000-0002-7099-5125,,,
043-UDG-GRGRHCS066,"(ca) - Grup de Recerca en Estadística, Econometria i Salut. GRECS",GRECS,https://www2.udg.edu/tabid/18794/Default.aspx,GRHCS066,26/11/2001,,"Saez Zafra, Marc","Barcelo Rado, Maria Antonia;Renart Vicens, Gemma;Saurina Canals, Maria Carme;Osca Gelis, Gemma;Vall-Llosera Casanovas, Laura;Chaudhuri, Somnath;Serra Saurina, Laura;Mota Bertran, Anna;Solans Margalef, Marta;Coenders Gallart, Germà;Varga Linde, Diego;Coromina Soler, Lluís;Marcos Gragera, Rafel",,"Lopez Ruiz, Silvia Maria;Robles, Brenda;Perafita i Basart, Xavier;Maynou Pujolras, Laia;Moreno Vasquez, Manuel Alejandro;Villavicencio Obando, Alicia Silvana;Juan Verdoy, Pablo",Universitat de Girona,043-UDG-GRGRHCS066,16/02/2023,0000-0003-1882-0157,0000-0001-9720-690X;0000-0001-6037-9225;0000-0003-4549-8845;0000-0001-6844-6189;0000-0001-7059-1596;0000-0003-4899-1870;0000-0002-8835-6890;0000-0002-7580-6127;0000-0002-2397-0435;0000-0002-5204-6882;0000-0002-0181-8782;0000-0003-0769-0633;0000-0001-9824-3657,,0000-0002-4160-7015
004-UB-GR005353,(ca) - Dret Internacional i dret de la Unió Europea,,http://didue.ub.edu/,005353,01/01/2017,2017SGR1371,"Olesti Rayo, Andreu","Bonet Perez, Jordi;Alvarez Verdugo, Milagros del Carmen;Huici Sancho, Laura Luisa;Campins Eritja, Maria del Mar;Pons Rafols, Francesc Xavier;Torroja Mateu, Helena;Alija Fernandez, Rosa Ana;Ortega Gomez, Marta;Badia Marti, Ana Maria;Moll de Alba Lacuve, Chantal;Calvet Martinez, Elisenda",,"Casanova Domenech, Miriam;Martinez Mata, Yolanda;Cienfuegos Mateo, Manuel;Forner Delaygua, Joaquin Juan;Pellise de Urquiza, Cristina;Millet Soler, Montserrat;Bondia Garcia, David;Sellares Serra, Jorge;Fernandez Pons, Javier;Alvarez Torne, Maria;Garriga Suau, Georgina;Armengol Ferrer, Fernando;Sanchez Cobaleda, Ana Maria",Universitat de Barcelona,004-UB-GR005353,16/02/2023,0000-0001-9345-5669,0000-0003-1146-7194;0000-0002-5897-0267;0000-0002-6426-0157;0000-0002-8841-9695;0000-0003-0856-8947;0000-0002-0507-3407;0000-0002-5565-711X;0000-0003-4254-3989;0000-0003-2146-478X;0000-0001-6602-074X;0000-0001-6634-7902,,0000-0002-1332-9142;0000-0001-7547-9800;0000-0001-5718-6086
022-670ec13c-b610-4140-b417-33ed78f7ad15,"(en) - Research Group Phenomenology, Education and Lived Experience FEVI,(ca) - Grup de recerca en Fenomenologia, Educació i Experiència Viscuda FEVI,(es) - Grupo de Investigación en Fenomenología, Educación y Experiencia Vivida FEVI",,http://researchgroup-fevi-uab.blogspot.com.es,670ec13c-b610-4140-b417-33ed78f7ad15,27/02/2018,,"Jordan Sierra, Jose Antonio",,,"Errasti-Ibarrondo, Begoña;Ayala Carabajo, Raquel",Universitat Autònoma de Barcelona,022-670ec13c-b610-4140-b417-33ed78f7ad15,28/11/2022,0000-0001-5948-1767,,,
022-c5c591df-1c24-4718-a9e5-0b7035693373,"(es) - Gregal: Circulació cultural Japó-Corea-Catalunya.,(en) - Gregal: Circulació cultural Japó-Corea-Catalunya.,(ca) - Gregal: Circulació cultural Japó-Corea-Catalunya.",,,c5c591df-1c24-4718-a9e5-0b7035693373,01/01/2017,2017SGR1596,"Guarne Cabello, Blai","Serra Vilella, Alba;Clements, Rebekah Elizabeth;Jo Jeong, Mihwa;Fukuda, Makiko;Lozano Mendez, Arturo",,"Vargas Diaz del Rio, Ferran, De;Martínez Taberner, Guillermo",Universitat Autònoma de Barcelona,022-c5c591df-1c24-4718-a9e5-0b7035693373,24/03/2023,0000-0003-1762-703X,0000-0002-0705-308X;0000-0003-2597-0882;0000-0002-5542-3436;0000-0001-8601-6609;0000-0002-4787-2020,,0000-0001-5910-6414
004-UB-GR005201,(ca) - Bioanàlisi,,,005201,01/01/2017,2017SGR0070,,"Pont Villanueva, Laura;Gimenez Lopez, Estela;Benavente Moreno, Fernando Julian;Sanz Nebot, Maria Victoria","Barbosa Torralbo, Jose","Villegas Gonzalez, Lorena;Akele, Mulugeta Legesse;Mancera Arteu, Montserrat;Compte Rabell, Irene;Pero Gascon, Roger;Pey Rubio, Laura;Barroso Ramos, Albert",Universitat de Barcelona,004-UB-GR005201,16/02/2023,,0000-0003-0520-0450;0000-0002-0700-3701;0000-0002-1688-1477;0000-0002-3048-0573,,0000-0003-3402-1777;0000-0001-5019-1405
022-87fd1396-3f74-40da-a875-238539ca7f8e,"(en) - Grup de Recerca en Guerra, Radicalisme Politic i Conflicte Social GRECS,(ca) - Grup de Recerca en Guerra, Radicalisme Politic i Conflicte Social GRECS,(es) - Grup de Recerca en Guerra, Radicalisme Politic i Conflicte Social GRECS,(ca) - Grup de Recerca en Guerra, Radicalisme Politic i Conflicte Social (GRECS)",GRECS,,"87fd1396-3f74-40da-a875-238539ca7f8e,001061",01/01/2022,2021SGR0045,"Rodrigo Sanchez, Javier","Morente Valero, Francisco Jose;Santirso Rodriguez, Manuel;Fuentes Codera, Maximiliano;Pala, Giaime;Moron Roces, Sandra;Puigsech Farras, Josep;Serrallonga Urquidi, Joan;Pomes Vives, Jordi;Rabelo de Oliveira, Gabriel;Pubill Brugues, Joan;Alegre Lorenz, David",,"Losada Rilo, Leandro Agustín;Priorelli, Giorgia","Universitat Autònoma de Barcelona,Universitat de Girona","022-87fd1396-3f74-40da-a875-238539ca7f8e,043-UDG-GR001061",27/09/2023,0000-0002-7322-3462,0000-0002-0633-2263;0000-0003-0771-472X;0000-0001-9793-2100;0000-0002-4804-7153;0000-0002-4692-2161;0000-0002-2308-2454;0000-0001-8735-9021;0000-0002-0901-6215;0000-0003-1818-8761;0000-0003-0854-3782;0000-0003-3214-1185,,
17015281-gr303,"(un) - Infeccions, sèpsia i disfunció multiorgànica del pacient crític",,,IDIBGI_PacCritic,01/01/2020,,"Sirvent Calvera, Josep Maria","Ortiz Ballujera, Patricia;Gonzalez Londoño, Juliana;Cuenca Barrero, Silvia Maritza;Murcia Gubianas, Cristina;Morales Pedrosa, Josep Miquel",,,Institut d’Investigació Biomèdica de Girona Dr. Josep Trueta,17015281-gr303,08/02/2024,0000-0002-7485-0652,0000-0002-5356-661X;0000-0001-9071-4004;0000-0002-7715-0010;0000-0003-4250-9596;0000-0001-8165-373X,,
08070672-69,(ca) - Grup de recerca en cèl·lules mare i càncer,GRCMC,https://www.imim.es/programesrecerca/cancer/annabigas.html,69,,,"Bigas Salvans, Anna","Iglesias Piqueras, Arnau;Castells Santamaria, Aina;Solé Font, Laura;González Miranda, Jessica;Galán Palma, Luis;Van Den Brink-, Susanne Carina;Garcia Hernández, Violeta",,,Institut Hospital del Mar d'Investigacions Mèdiques,08070672-69,24/03/2023,0000-0003-4801-6899,0000-0002-7195-7868;0000-0002-3508-8562;0000-0002-3195-0565;0000-0001-7732-1564;0000-0001-5170-0507;0000-0003-3683-7737;0000-0003-2328-4360,,
022-6c99aeac-f6f0-45ed-963f-7424af6a0846,"(ca) - Grup de Recerca sobre Violència i Relacions Afectives i Violència en el Treball - VIPAT,(en) - Research Group on Violence and Affective Relations and Violence in the Workplace-VIPAT,(es) - Grupo de Investigación sobre Violencia y Relaciones Afectivas y Violencia en el Trabajo - VIPAT",,,6c99aeac-f6f0-45ed-963f-7424af6a0846,29/11/2011,,"Cantera Espinosa, Leonor Maria",,,,Universidad Autónoma de Barcelona,022-6c99aeac-f6f0-45ed-963f-7424af6a0846,16/06/2021,,,,
08072395-36.46,(ca) - Teràpia Gènica i Cel lular,Teràpia Gènica i Cel lular,http://www.vhir.org/portal1/grup-equip.asp?s=recerca&contentid=187083&t=Ter%E0pia%20Cel%B7lular%20i%20G%E8nica,36.46,,,"Barquinero Mañez, Jordi",,,"Garriga Monterde, Oscar",Fundació Vall d'Hebron Institut de Recerca,08072395-36.46,25/10/2024,0000-0002-1677-9851,,,
024-76274640372,"(ca) - ARCO - Microarquitectura i Compiladors,(es) - ARCO - Microarquitectura y Compiladores,(en) - ARCO - Microarchitecture and Compilers",ARCO,http://arco.e.ac.upc.edu/wiki/index.php/ARCO_Research_Group,ARCO,22/07/2004,2017SGR0091,"Gonzalez Colas, Antonio Maria","Abaie Shoushtary, Mojtaba;Cruz Diaz, Josep-Llorenc;Tubella Murgadas, Jordi;Parcerisa Bundo, Joan Manuel;Exenberger Becker, Pedro Henrique;Taranco Serna, Raul;Gondlyala Sathya, Nitesh Narayana;Sabri Abrebekoh, Mohammad;Silfa Feliz, Franyell Antonio;Huerta Gañan, Rodrigo;Tomas Berjaga, Aurora;Riera Villanueva, Marc;Khabbazan, Bahareh",,"Joseph, Diya;Aliagas Castell, Carles",Universitat Politècnica de Catalunya,024-76274640372,28/11/2022,0000-0002-0009-0996,0000-0003-2377-6939;0000-0001-5325-9153;0000-0001-8669-0740;0000-0001-5771-8118;0000-0001-5947-1913;0000-0002-1564-4365;0000-0002-8641-7178;0000-0002-3113-5392;0000-0002-1134-9908;0000-0003-0052-7710;0000-0002-1488-0630;0000-0002-2768-5703;0000-0001-6726-2804,,
Q5856414G-629,(en) - Neurofisiologia,,,629,,,"Gasull Casanova, Xavier","Altafaj Tardio, Xavier;Comes Beltran, Nuria;Puigdellivol Cañadell, Mar;Gual Sala, Arcadi;Soto del Cerro, David;Abelló Saló, Sara;Locubiche Serra, Silvia;Callejo Martin, Gerard;Pujol Coma, Anna;Izquierdo Serra, Merce;Reyes Haro, Lenin Alejandro",,,Q5856414G,Q5856414G-629,28/11/2022,0000-0002-6154-8323,0000-0002-7595-0647;0000-0001-5572-7512;0000-0002-9955-3558;0000-0002-8604-3903;0000-0001-7995-3805;0000-0002-2773-2450;0000-0002-8522-4702;0000-0003-4366-0482;0000-0002-9479-9815;0000-0002-3524-8052;0000-0002-5512-9122,,
022-26913e74-fcf9-4c20-a97a-cf879b0327cc,"(ca) - Science, technology and medicine in the twentieth century STM20-iHC,(es) - Science, technology and medicine in the twentieth century STM20-iHC,(en) - Science, technology and medicine in the twentieth century STM20-iHC",STM20-iHC,,26913e74-fcf9-4c20-a97a-cf879b0327cc,01/01/2022,2021SGR0015,"Nieto Galan, Agusti","Fernandez Garcia, Elena;Roque Rodriguez, Francesc Xavier;Sastre Juan, Jaume;Cirac Claveras, Gemma;Valentines Álvarez, Jaume;Mulberger, Rogele Annette Christine;Molero Mesa, Jorge;Tabernero Holgado, Carlos;Balltondre Pla, Monica",,"Armiero, Marco;Graus Ferrer, Andrea;Hochadel, Oliver;Politi., Vincenzo;Levy Lazcano, Silvia Cora;Girón Sierra, Álvaro;Serrano Jerez, Gladys Elena;Arrizabalaga Valbuena, Jon",Universitat Autònoma de Barcelona,022-26913e74-fcf9-4c20-a97a-cf879b0327cc,29/11/2023,0000-0002-3458-0774,0000-0003-3932-5243;0000-0003-3475-2051;0000-0002-0601-1056;0000-0002-6094-4287;0000-0001-7642-5353;0000-0002-7260-9734;0000-0001-8903-8969;0000-0002-1881-581X;0000-0002-6516-0780,,
G25314394-gr348,(un) - Grup de Recerca en Malalties Digestives,,,053,01/01/2005,,"Molero Richard, Francesc Xavier","Piñol Felis, Ma Carmen;Marquès Camí, Miquel;Huelin Alvarez, Patricia",,"Zaragoza Velasco, Natividad;Planella de Rubinat, Montserrat;Aracil Blanch, Carlos;Sese Abizanda, Eva;Garreta Mesegue, Jordi;Ramirez Salazar, Consuelo;Rodríguez Oballe, Juan Armando;Revuelto Artigas, Tamara",Institut de Recerca Biomèdica de Lleida – Fundació Dr. Pifarré,G25314394-gr348,08/02/2024,0000-0003-2473-7405,0000-0003-0626-1298;0000-0001-9827-041X;0000-0003-2340-4772,,
08072841-15844,(en) - Climate And Health,,,15844,,,,"Cvijanovic, Ivana;Rodo Lopez, Xavier;Ballester Claramunt, Joan",,,Barcelona Institute for Global Health,08072841-15844,28/11/2022,,0000-0002-1738-7745;0000-0003-4843-6180;0000-0003-0009-437X,,
G60805462-gr294,(un) - Cell Virology and Immunolog (VIC),,,IRSI VIC,01/01/2000,,"Blanco Arbues, Julià","Rodríguez de la Concepción, Maria Luisa;Aguilar-Gurrieri, Carmen;Trinité, Benjamin",,,Institut de Recerca Germans Trias i Pujol,G60805462-gr294,16/02/2023,0000-0002-2225-0217,0000-0002-6944-3462;0000-0002-5701-7650;0000-0003-3809-042X,,
042-URV-GR1774,(ca) - INFERMERIA AVANÇADA,,,1774,01/01/2022,2021SGR0161,"De Molina Fernandez, Maria Inmaculada","Torrubia Pérez, Elisabet;Barceló Prats, Josep;Ferré Grau, Carmen;Aguarón García, María Jesús;Berenguer Poblet, Marta;Valls Fonayet, Francesc;Jiménez Herrera, María Francisca;Reverté Villarroya, Silvia;Casadó Marín, Lina Cristina;Burjales Marti, Maria Dolors;Mora-Lopez, Gerard;Albacar Riobóo, Núria Maria;Vives Espelta, Judit;Martorell Poveda, Maria Antonia",,,Universitat Rovira i Virgili,042-URV-GR1774,27/05/2023,0000-0002-1429-4455,0000-0003-4230-606X;0000-0002-8818-0872;0000-0002-5307-1553;0000-0001-6606-0194;0000-0002-6631-3777;0000-0003-2801-2356;0000-0003-2599-3742;0000-0002-2052-9978;0000-0002-8078-1673;0000-0003-3014-7284;0000-0002-3152-3360;0000-0001-8306-8702;0000-0001-8709-9944;0000-0002-0309-1812,,
043-UDG-GR000840,(ca) - Plástics i Compòsits Ecológics (e-Plascom),,,000840,01/01/2017,2017SGR1141,,"Carrasco Alonso, Félix Ángel","Maspoch Ruldua, Maria Lluisa",,Universitat de Girona,043-UDG-GR000840,16/02/2023,,0000-0001-9477-2703,,
G59319681-6074,(en) - Immunogenètica i immunoteràpia en la resposta autoinflamatòria i inmunitària,,,6074,,,"Juan Otero, Manel","Gonzalez Navarro, Europa Azucena;Gonzalez Roca, Eva;Marzal Marti, Berta;Palou Ribera, Eduard;Casanovas Albertí, Berta;Altuna Mongelos, Ane;Val Casals, María;Martínez Soler, Roberto;Vazquez Portero, Mario;Benítez Ribas, Daniel;Lara de León, Ana Gabriela;Español Rego, Marta;Ortiz de Landazuri Pascal, Iñaki;Yagüe Ribes, Jordi;Cofán Pujol, Montserrat;Navarro Velázquez, Sergio;Bayo Llorens, Cristina;Alserawan de Lamo, Leticia;Aróstegui Gorospe, Juan Ignacio;Cabezón Cabello, Raquel;Egri Córdoba, Natalia;Calderon, Hugo;Fayd Herbe de Maudave, Alexis;Betriu Mendez, Sergi;Mata Molanes, Juan José;Mensa Vilaró, Anna;Uribe Herranz, Mireia",,,Fundació de Recerca Clínic Barcelona-Institut d'Investigacions Biomèdiques August Pi i Sunyer,G59319681-6074,08/02/2024,0000-0002-3064-1648,0000-0001-6656-7104;0000-0002-1126-0321;0000-0002-6142-8911;0000-0003-1544-1485;0000-0001-5728-2932;0000-0001-8350-1609;0000-0003-2481-3295;0000-0003-1557-4456;0000-0002-0286-9901;0000-0002-2346-5324;0000-0002-2884-8228;0000-0001-5497-2276;0000-0003-0953-0510;0000-0002-1935-4488;0000-0002-1895-5644;0000-0002-5565-4218;0000-0002-7077-6213;0000-0003-0428-9844;0000-0003-4757-504X;0000-0003-0897-6959;0000-0001-7698-0672;0000-0002-8902-4302;0000-0002-0903-1108;0000-0002-4199-1168;0000-0001-8827-5073;0000-0001-7541-9672;0000-0002-2618-1116,,
041-URL-GRGRECONMA,(ca) - Conflict Management (CM),,,GRECONMA,01/01/2017,,"Duplá Marín, María Teresa","Aznar Alarcón, Juan Pedro",,"Delgado Planas, Antonio;Bardají Gálvez, Ma. Dolors;Velazquez Vioque, David Jesus;Domínguez Tristán, Paula",Universitat Ramon Llull,041-URL-GRGRECONMA,29/11/2023,0000-0002-2371-0078,0000-0003-4831-8723,,
G64045719-13944,(en) - Nanoprobes and Nanoswitches,,,13944,,,,"Giannotti, Marina Inés;Gorostiza Langa, Pau;Opar, Ekin;Malieieva, Galyna;Cortijos Aragonès, Albert;Camerin, Luisa;Castagna, Rossella;Sales Mateo, Montserrat;Oliva Herrera, Mireia;Regalado Aguilar, José Mauricio;Camarero Palao, Núria;Díez Pérez, Ismael;Matera, Carlo",,,Institut de Bioenginyeria de Catalunya,G64045719-13944,29/11/2023,,0000-0002-0815-742X;0000-0002-7268-5577;0000-0002-1247-281X;0000-0002-1379-1521;0000-0002-1829-6941;0000-0001-9942-7220;0000-0002-9284-3165;0000-0003-0285-0298;0000-0002-6645-1328;0000-0002-1838-5610;0000-0003-3045-5180;0000-0003-0513-8888;0000-0001-6939-3859,,
062-74472343085,(ca) - Unitat d'Investigació en Comunicació (UNIC),2021 SGR 00921,,2021 SGR 00921,01/01/2022,2021SGR0921,,"Narberhaus Martinez, Marta",,,Universitat Internacional de Catalunya,062-74472343085,08/02/2024,,0000-0002-8893-833X,,
042-URV-GR1767,(ca) - Unitat de Micologia i Microbiologia Ambiental,,,1767,01/01/2022,2021SGR0160,"Cano Lira, José Francisco","Paredes Aguilar, Katihuska Viviana;Gené Díaz, Josepa;Figueras Salvat, María Josefa;Guarro Artigas, Josep;Capilla, Javier;Sanchis Talón, Marta;Stchigel, Alberto;Granados Casas, Alan Omar;García Sánchez, Dania;Fernández Bravo, Ana;Mayayo Artal, Emilio Manuel",,,Universitat Rovira i Virgili,042-URV-GR1767,29/11/2023,0000-0003-4495-4394,0000-0001-9078-3800;0000-0001-6195-9299;0000-0002-2268-8980;0000-0002-7839-7568;0000-0002-0765-6403;0000-0001-7251-6792;0000-0003-3987-7996;0000-0002-7339-7040;0000-0003-2397-1646;0000-0001-7637-5958;0000-0003-4485-3809,,
08033055-gr90,(un) - Odontología hospitalaria y medicina periodontal,,,G01-02,01/01/2019,,"Rivera Baró, Alejandro","Moncunill Mira, Jordi",,,Institut de Recerca Sant Joan de Déu,08033055-gr90,29/11/2023,0000-0001-9071-5912,0000-0002-4729-0311,,
043-UDG-GR001018,(ca) - Grup de Recerca de Filosofia de la Càtedra Ferrater Mora,,,001018,01/01/2022,2021SGR0474,"Vergés Gifra, Joan","Zimmer, Jorg Rudolf;Olesti Vila, Josep;Faxedas Brujats, Maria Lluisa;Antich Valero, Xavier;Defez Martin, Antoni;Ponsati Murla, Oriol",,"Moreno, Carlos Maria;Vega, Eulàlia;Bañeza, Tirso;Lipovetsky, Gilles;Erk, Jan;Foguet, Francesc;Willinsky, John;Mathieu, Félix;Torralba, Francesc;Plant, Stephen;Ferrés, Josep;Prats, Ramon N.;Mora, Antoni;Forcades, Teresa;Dyakonova, Xènia;Tavera, Susanna;Langella, Simona;Buchanan, Allen;Pueo Domínguez, Juan Carlos;Cortada, Josep;Sáez Mateu, Ferran;Graells, Guillem-Jordi;Oldenburg, Andreas;Bel, Sílvia;Rosenfeld, Daniela;Pons, Arnau;Krasniqi, Gëzim;de Sousa Santos, Boaventura;Valentín, Manu;Balcells, Albert;Murgades, Josep;Munilla, Glòria;Duch, Lluís;Vega, Judith;Yusa, Michiko;Mate, Reyes;Pons, Agustí;Fuster Sobrepere, Joan;Gómez Gabriel, Núria;Cabré, M. Àngels;Comadira, Narcís;Fernandez del Amor, Antonio;Bohigas, Maria;Casacuberta, Mita;Oliva Llinas, Salvador;Butler, Judith;Carey, Madeline;Goikoetxea, Jule;Raguer, Hilari;Portell, Sebastià;Simó, Marta;Ferrús, Moriah;de Sutter, Laurent;Casanova, Julián;Bermudo, José Manuel;Villatoro, Vicenç;Sales, Jordi;Pessarrodona, Marta;Fantauzzi, Stefania;Hussein, Amina;Terricabras Nogueras, Josep Maria;Marín, Dolors;Carreres Péra, Joan;Fernández Porta, Eloy;Sunyer, Magí;Marti Monterde, Antoni;Pérez Muñoz, Max;Birulés, Fina;Amat Fuste, Jordi;Graña, Isabel;Esparza, Daniel R.;Ibarz, Mercè;Barreiro, Beatriz;Casassas Ymbert, Jordi;Vilanou, Conrad;Nadal Farreras, Joaquim;Keil, Soeren;Aisa, Ferran;Palau, Montserrat",Universitat de Girona,043-UDG-GR001018,27/05/2023,0000-0002-1901-298X,0000-0001-6186-0168;0000-0003-2313-9534;0000-0002-7838-9357;0000-0002-5584-3158;0000-0002-7039-8224;0000-0002-4804-0568,,0000-0002-8589-7691
G60805462-gr382,(un) - Cancer Epigenetics,,,33,01/01/2000,,"Esteller Badosa, Manel",,,,Institut de Recerca Germans Trias i Pujol,G60805462-gr382,27/09/2023,0000-0003-4490-6093,,,
044-UDL-GR000501,(ca) - Neurobiology of rare diseases - Neurobiologia de malalties minoritàries (NEURADIS),,,000501,01/01/2022,2021SGR0323,"Soler Tatche, Rosa Maria","Tamarit Sumalla, Jordi;Tarabal Mostazo, Olga;Esquerda Colell, Jose Enrique;Hernández Estañol, Sara;Gatius Puchercós, Alaó;Casanovas Llorens, Anna Ma.;Calderó Pardo, Jordi;Ros Salvador, Joaquim;Garcera Teruel, Ana;Cabiscol Catala, Elisa;Delaspre, Fabien",,"Pazos Gil, Maria;Pane Domenec, Roser;Sansa Zaragoza, Alba;Sanz Alcázar, Arabela Abizanda;Piedrafita Llorens, Lidia;Medina Carbonero, Marta;Miralles Expósito, Maria del Pilar;Gras Artells, Silvia",Universitat de Lleida,044-UDL-GR000501,08/02/2024,0000-0003-0528-3102,0000-0003-3227-6928;0000-0001-7741-3223;0000-0003-1413-2103;0000-0002-6451-724X;0000-0002-5153-1181;0000-0001-8766-5555;0000-0003-1972-0115;0000-0003-0901-8648;0000-0002-2391-1216;0000-0003-2795-7999;0000-0001-7815-5537,,0000-0001-5347-6262;0000-0001-8151-7447
022-61b271b7-3871-4cab-a00c-6abda0fb920a,"(en) - Grup de recerca en comunicació sonora, estratègica i transparència ComSET,(ca) - Grup de recerca en comunicació sonora, estratègica i transparència ComSET,(es) - Grup de recerca en comunicació sonora, estratègica i transparència ComSET",ComSET,,61b271b7-3871-4cab-a00c-6abda0fb920a,01/01/2022,2021SGR0070,"Perona Paez, Juan Jose","Barbeito Veloso, Maria Luz;Barrio Fraile, Estrella;Enrique Jimenez, Ana Maria;Balsebre Torroja, Armand;Fajula Payet, Anna",,"Corcoy Rius, Marta",Universitat Autònoma de Barcelona,022-61b271b7-3871-4cab-a00c-6abda0fb920a,11/07/2023,0000-0001-8256-9070,0000-0002-3159-7423;0000-0001-8047-4393;0000-0001-5902-403X;0000-0002-0529-586X;0000-0002-6038-4224,,
024-48878834090,"(ca) - GRTJ - Grup de Recerca en Teoria de Jocs,(en) - GRTJ - Game Theory Research Group,(es) - GRTJ - Grupo de Investigacion en Teoria de Juegos",GRTJ,https://futur.upc.edu/GRTJ,GRTJ,22/07/2004,,"Freixas Bosch, Josep","Domenech Blazquez, Margarita;Amer Ramon, Rafael;Sales Ingles, Vicente;Gimenez Pradales, Jose Miguel;Molinero Albareda, Xavier;Puente del Campo, Maria Albina;Magaña Nieto, Antonio",,,Universitat Politècnica de Catalunya,024-48878834090,08/02/2024,0000-0002-9033-9432,0000-0001-9237-7232;0000-0002-7269-1328;0000-0002-4540-4303;0000-0003-4754-194X;0000-0002-5203-4347;0000-0003-2732-9087;0000-0003-0879-0759,,
G63971451-13720,(en) - Signalling and Cell Cycle Laboratory,,,13720,,2017SGR0557,,"Amores Bonet, Laura;Georgiev Pérez, Viktor;Rodríguez Nebreda, Angel;Gonzalez del Rey Solis, Nerea;Elvira Lopez, Jordi;Borras Eroles, Clara;Marques Cardoso, Beatriz Joana;Radic, Nevenka;Llonch Llongueras, Elisabet;Cánovas Bilbao, Begoña;Baxter, Diana;Isern Femenia, Maria del Mar",,,Institut de Recerca Biomèdica de Barcelona,G63971451-13720,08/02/2024,,0009-0004-6494-9845;0000-0002-4138-8756;0000-0002-7631-4060;0000-0003-0538-9900;0000-0002-3127-7112;0000-0001-5234-8429;0000-0002-2357-6681;0000-0001-5551-3223;0000-0003-3979-2597;0000-0002-2546-0295;0000-0001-8830-6802;0009-0000-3496-7920,,
004-UB-GR005898,(ca) - Materials Orgànics,,,005898,27/04/2023,2021SGR1193,"Velasco Castrillo, Maria Dolores","Garcia Amoros, Jaime;Bujaldón Carbó, Roger",,"Fabregat Pallejà, Clara;Guixens Gallardo, Pedro",Universitat de Barcelona,004-UB-GR005898,25/10/2024,0000-0002-9357-5860,0000-0002-3554-7300;0000-0002-9779-4163,,
039-GRACME,"(es) - Grupo de Investigación en Arqueología Mediterránea: Conexiones, Materialidades y Escritura (GRACME),(ca) - Grup de Recerca d'Arqueologia Mediterrània: Conexions, Materialitats i Escriptura (GRACME),(en) - Research Group in Mediterranean Archeology: Connections, Materialities and Writing (GRACME)",,https://www.upf.edu/web/gracme,GRACME,13/12/2016,2017SGR1370,,"Orsingher, Adriano;Nodar Domínguez, Alberto;Sardà Seuma, Samuel;Ferrer Martín, Meritxell;Delgado Hervás, Ana;Lopez Bertran, Mireia",,,Universitat Pompeu Fabra,039-GRACME,24/03/2023,,0000-0002-2380-9238;0000-0003-0440-3635;0000-0001-8224-0937;0000-0002-4657-8030;0000-0002-0177-955X;0000-0002-5863-3279,,
G59319681-6075,(en) - Urgències: processos i patologies,,,6075,,,"Miró Andreu, Òscar","López Barbeito, Beatriz;García Martínez, Ana;Sánchez Sánchez, Miguel;Galicia Paredes, Miguel;Espinosa Fernández, Begoña;Jiménez Hernández, Sònia;Ortega Romero, Mar;Coll-Vinent Puig, Blanca;Salgado Garcia, Emilio;López Díez, María Pilar;Bragulat Baur, Ernesto;Gil Espinosa, Victor;Jiménez Fàbrega, Francesc Xavier;Perelló Carbonell, Rafael;Alonso Viladot, Josep Ramon;Martín Mojarro, Enrique;Carbó Díez, Míriam",,,Fundació de Recerca Clínic Barcelona-Institut d'Investigacions Biomèdiques August Pi i Sunyer,G59319681-6075,11/07/2023,0000-0001-8127-166X,0000-0002-3251-2073;0000-0003-4246-7453;0000-0002-4989-0046;0000-0002-5333-3090;0000-0001-9531-6451;0000-0001-8748-0745;0000-0002-5548-5303;0000-0002-6051-0032;0000-0001-6207-2198;0000-0003-3562-5804;0000-0003-2696-0600;0000-0003-4014-5450;0000-0001-8720-1865;0000-0003-2275-0753;0000-0002-2319-590X;0000-0001-9231-8398;0000-0002-6341-7087,,
G25628926-UDL-GR000466,(ca) - Unitat de Biotecnologia i Bioeconomia Agraria/ Agricultural Biotechnology and Bioeconomy Unit (ABBU),,,000466,15/04/2005,2021SGR1501,"Christou, Pavlos","Rius Carrasco, Antoni;Mir Artigues, Pere;Plaza Bonilla, Daniel;Bassie, Ludovic;Villorbina Noguera, Gemma;Capell Capell, Maria Teresa;Eras Joli, Jorge;Puig Vidal, Rita;Cantero Gómez, Maria Rosa;Muñoz Odina, Maria Pilar;Oromí Farrús, Mireia;Canela Garayoa, Ramon;Balcells Fluvià, Mercè;Escriba Gelonch, Marc",,"Vargheese, Ashwin;Sobrino Mengual, Guillermo;Bouhzam, Ibtissam;Guerris Castillo, Maria del Carmen","Fundació Centre de Recerca en Agrotecnologia,Universitat de Lleida","G25628926-UDL-GR000466,044-UDL-GR000466",27/09/2023,0000-0001-6358-7396,0000-0002-8776-0947;0000-0002-4157-8090;0000-0003-4998-8585;0000-0002-4791-0963;0000-0003-4079-2711;0000-0002-6436-4538;0000-0001-8022-2540;0000-0002-9436-2074;0000-0002-0914-9675;0000-0001-9700-374X;0000-0003-3382-6303;0000-0003-1095-6607;0000-0001-7795-7423;0000-0003-0540-7232,,
17015281-gr315,"(un) - Epidemiologia descriptiva, genètica i prevenció del càncer",,,IDIBGI_UERCG,01/01/2010,,"Marcos Gragera, Rafel","Vidal Vila, Anna;Osca Gelis, Gemma;Vilar Coromina, Neus;Carmona Garcia, Ma. Carme;Del Barco Berron, Sonia;Puigdemont Guinart, Montse;Sanvisens Berge, Arantzazu;Rispau Pagès, Marti;Trallero Morales, Jan;Auñon Sanz, Carme",,,Institut d’Investigació Biomèdica de Girona Dr. Josep Trueta,17015281-gr315,27/05/2023,0000-0001-9824-3657,0000-0002-5962-2774;0000-0001-6844-6189;0000-0003-2089-1616;0000-0002-4011-9474;0000-0002-4951-6871;0000-0001-9961-3699;0000-0001-6269-5491;0000-0002-4671-8945;0009-0000-8283-9966;0000-0002-8767-0407,,
041-URL-GRGRIRE00,"(ca) - Identitat, Religió i Educació (IRE)",,https://www.blanquerna.edu/ca/fpcee/investigacion/ciencias-de-la-educacion/grup-investigacio-identitat-religio--educacio-ire,GRIRE00,30/04/2020,,"Ibarz Mellado, Andreu","Blomart Mellery, Alain;Jarabo Fidalgo, Anna Eva;Navarro Guareño, Angel-Jesus;Marín Torné, Francesc Xavier",,"Sendra Mestre, M. Assumpta",Universitat Ramon Llull,041-URL-GRGRIRE00,29/11/2023,0000-0001-7642-5564,0000-0002-3503-3457;0000-0001-6822-2361;0000-0002-3393-5342;0000-0002-9915-5023,,
08070672-47,(ca) - Grup de recerca en informàtica biomèdica integrada,,https://www.imim.cat/programesrecerca/informaticabiomedica/ibintegrada.html,47,,,,"Leis Machin, Ángela;Piñero Gonzalez, Janet;Sanz, Ferran;Pérez Granado, Judith;Eyras Jimenez, Eduardo;Mayer Pujadas, Miquel Angel;Furlong, Laura Inés",,,Institut Hospital del Mar d'Investigacions Mèdiques,08070672-47,16/02/2023,,0000-0003-4780-7111;0000-0003-1244-7654;0000-0002-7534-7661;0000-0002-4098-3000;0000-0003-0793-6218;0000-0003-0362-6298;0000-0002-9383-528X,,
024-75640811121,"(es) - ROBiri - Grupo de Percepcion y Manipulacion Robotizada del IRI,(ca) - ROBiri - Grup de Percepcio i Manipulacio Robotitzada de l'IRI",ROBiri,http://www-iri.upc.es/,ROBiri,31/03/2011,2021SGR0514,,"Grosch Obregon, Patrick John;Alenyà Ribas, Guillem;Jimenez Schlegl, Pablo;Agudo Martinez, Antonio",,"Sanchez Riera, Jordi;Salido Luis-Ravero, Pablo;Moreno Noguer, Francesc d'Assis;Guo, Wen;Caldarelli, Edoardo;Ugrinovic Kehdy, Nicolas;Caselles Rico, Pol;Vaccher Gomez, Jordi;Delmas, Ginger;Gallart Agut, Roger;Garcia Camacho, Irene;Martinez Felipe, Ferran;Colome Figueras, Adria;Perez Quintana, Marc;Coltraro Ianniello, Franco;Peral Sanchez, Marc;Barbany Mayor, Oriol;Borras Sol, Julia;Ordo?ez Apraez, Daniel Felipe;Vilchez Garcia, Victor Gabriel;Bueno Benito, Elena Belen;Dimiccoli, Maria;Roldan Vilardell, Laura;Ponsa Cobas, Sergi;Martinez Gonzalez, Judith;Corona Puyane, Enric;Martinez Sanchez, Sergi",Universitat Politècnica de Catalunya,024-75640811121,29/11/2023,,0000-0001-7605-8645;0000-0002-6018-154X;0000-0003-3627-4938;0000-0001-6845-4998,,
08033055-gr22,(un) - Neurometabolismo pediátrico:mecanismos de comunicación neuronal y terapias personalizadas,,,P01-03,01/01/2015,,"García Cazorla, MªAngels","Musokhranova Matveeva, Uliana;Serradell Salís, Anna;Ribeiro Constante, Juliana;Muchart López, Jordi;O'Callaghan Gordo, Mªdel Mar;Colomé Roura, Roser;De Oyarzabal Sanz, Alfonso Luis;Meavilla Olivas, Silvia Maria;Grau Páez, Cristina",,"Pias Peleteiro, Leticia Diana;Borras Martinez, Ariadna;Julià Palacios, Natalia Alexandra;Darling, Alejandra;Sigatullina Bondarenko, Mariya;Ramos, Federico",Institut de Recerca Sant Joan de Déu,08033055-gr22,11/07/2023,0000-0001-9853-688X,0000-0001-7335-9952;0000-0002-5838-0531;0000-0003-4470-9524;0000-0003-4702-5072;0000-0002-1896-1622;0000-0002-3855-9403;0000-0001-9689-6072;0000-0003-0065-6731;0000-0003-4907-5735,,
039-OBSEI,"(en) - Evolution of Institutions Observatory,(es) - Observatorio de la Evolución de las Instituciones,(ca) - Observatori de l'Evolució de les Institucions",,https://www.upf.edu/web/obsei,OBSEI,02/02/2005,,,"Cuchillo Foix, Montserrat;Betancor Rodríguez, Andrés;Mir Puigpelat, Oriol;Barnes Vázquez, Javier;Velasco Rico, Clara Isabel",,,Universitat Pompeu Fabra,039-OBSEI,16/02/2023,,0000-0002-9852-5192;0000-0002-5669-4721;0000-0001-5807-4748;0000-0001-7593-8835;0000-0001-9289-7676,,
G25314394-gr300,(un) - Epidemiologia Aplicada,,,07,01/01/2005,,"Godoy Garcia, Pere","Serna Arnaiz, Maria Catalina;Pujol Salud, Jesus;Ortega Bravo, Marta;Montserrat Capdevila, Josep;Marsal Mora, Josep Ramon;Florensa Cazorla, Didac",,"Galvan Santiago, Leonardo;Alseda Graells, Miquel;Santafe Soler, Placido",Institut de Recerca Biomèdica de Lleida – Fundació Dr. Pifarré,G25314394-gr300,24/03/2023,0000-0002-2896-7286,0000-0003-0399-6774;0000-0001-6062-2627;0000-0002-0765-6841;0000-0003-1878-5064;0000-0003-0675-6119;0000-0003-0743-6512,,
022-31bc4cbd-43a2-4968-9e26-9d89669437e5,"(en) - Research Group Person-Environment Interaction in risk and resilience for mental health,(es) - Grup de Recerca Interacció Persona-Ambient en el risc i la resiliència per a la salut mental,(ca) - Grup de Recerca Interacció Persona-Ambient en el risc i la resiliència per a la salut mental",,,31bc4cbd-43a2-4968-9e26-9d89669437e5,01/10/2009,2021SGR1010,"Vidal Barrantes, Neus","Ballespi Sola, Sergi;Gizdic, Alena;Chanes Puiggros, Lorena",,"Vallmajó Sala, Montserrat;Robles Rosa, Marta;Massanet Forteza, Maria Antonia;Ivancovsky., Tal;Villarreal Castaño, Berna;Escarmís Gámez, Dèlia;Galiano Landeira, Jordi;Clusa Gironella, David;Torrecilla Gonzalez, Pilar;Pérez Domínguez, Ariadna;Ramos Grille, Irene",Universitat Autònoma de Barcelona,022-31bc4cbd-43a2-4968-9e26-9d89669437e5,27/09/2023,0000-0002-8671-1238,0000-0002-6584-4138;0000-0002-0901-7226;0000-0002-0581-2927,,
08070817-Medical Imaging Laboratory,(ca) - Medical Imaging Laboratory,MiLab,,grup6,,,"Radeva, Petia Ivanova",,,,Centre de Visió per Computador,08070817-Medical Imaging Laboratory,27/09/2023,0000-0003-0047-5172,,,
024-75219955118,"(en) - GRO - Organizational Research Group,(es) - GRO - Grup de Investigacion en Organizacion,(ca) - GRO - Grup de Recerca en Organitzacio",GRO,https://futur.upc.edu/GRO,GRO,01/01/2017,2017SGR1167,"Sallan Leyes, Jose Maria","Abad Puente, Jesus;Saura Agel, Maria Jose;Lordan Gonzalez, Oriol;Lafuente Gonzalez, Esteban Miguel;Berbegal Mirabent, Jasmina;Sunyer Torrents, Albert;Simo Guzman, Jose;Sabate Garriga, Ferran;Yin, Jiarui;Cañabate Carmona, Antonio;Fernandez Alarcon, Vicenc",,,Universitat Politècnica de Catalunya,024-75219955118,28/11/2022,0000-0002-4835-0152,0000-0003-1447-2087;0000-0002-0867-0805;0000-0002-7376-5253;0000-0001-5889-7656;0000-0001-5145-2179;0000-0003-0154-4811;0000-0003-4803-7550;0000-0002-0718-5891;0000-0001-5472-1346;0000-0002-9417-2617;0000-0001-5187-5024,,
022-6ac371e3-0dbd-4adc-a0be-de429a46e517,"(en) - Electroquímica i química verda ELECTRO-GREEN-CHEM,(ca) - Electroquímica i química verda ELECTRO-GREEN-CHEM,(es) - Electroquímica i química verda ELECTRO-GREEN-CHEM",,,6ac371e3-0dbd-4adc-a0be-de429a46e517,01/10/2009,2021SGR0052,"Guirado López, Gonzalo","Peral Perez, Jose;Mena Fernandez, Silvia;Gallardo Garcia, Iluminada",,"Muñoz Pascal, Francesc Xavier;Manca, Michele;Santiago Malagon, Sara;Knipping, Etienne",Universitat Autònoma de Barcelona,022-6ac371e3-0dbd-4adc-a0be-de429a46e517,27/09/2023,0000-0003-2128-7007,0000-0001-9574-6347;0000-0002-2800-2388;0000-0003-3962-4745,,
039-BESS,"(en) - Research Group on Behavioral and Experimental Social Sciences (BESS),(ca) - Grup de Recerca en Ciències Socials Experimentals i del Comportament (BESS),(es) - Grupo de Investigación en Ciencias Sociales Experimentales y del Comportamiento (BESS)",,https://www.upf.edu/web/politiques,BESS,05/02/2014,,,"Soler Pastor, Elia;Navarro Martínez, Daniel;Le Mens, Gaël;Bobowik, Magdalena;Cornelissen, Gert;Benet Martínez, Veronica;Zavala Rojas, Diana",,,Universitat Pompeu Fabra,039-BESS,27/09/2023,,0000-0002-7671-7345;0000-0003-4126-1680;0000-0003-4800-0598;0000-0002-2341-0665;0000-0002-0300-4942;0000-0002-3352-9731;0000-0003-4603-7434,,
044-UDL-GR000374,"(ca) - GESEC Grup d'estudis societat, salut, educació i cultura",GESEC,,000374,07/05/2014,2017SGR0576,"Molina Luque, Jose Fidel","Alconada Romero, Alvaro;Torres Gonzalez, Teresa;Valenzuela Pascual, Francesc;Solé Cases, Sílvia;Barallat Gimeno, Eva;Rubi Carnacea, Francesc Josep;Martínez Soldevila, Jordi;Gea Sanchez, Montserrat;Soler González, Jorge;Mayoral Arqué, Dolors;Briones Vozmediano, Erica Tula;Miró Miró, Adelina;Mateos Garcia, Jose Tomas;Soldevila Roig, Jordi;Sanvicen Torne, Francisca;Roca Llobet, Judith;Tahull Fort, Juan Antonio;Blanco Blanco, Joan",,"Samper Rasero, Luis",Universitat de Lleida,044-UDL-GR000374,16/02/2023,0000-0001-5278-2794,0000-0001-9266-424X;0000-0003-3300-6698;0000-0002-1945-629X;0000-0001-6960-5364;0000-0002-5466-2435;0000-0002-0162-3950;0000-0001-9475-816X;0000-0001-5143-3314;0000-0001-8359-3355;0000-0002-2936-3150;0000-0001-8437-2781;0000-0003-4399-6672;0000-0002-1419-1093;0000-0003-2106-7143;0000-0003-4841-9153;0000-0002-0645-1668;0000-0002-4791-1704;0000-0002-4868-2974,,
054-94522271579,(ca) - Recerca en ensenyament i aprenentatge de llengües amb tecnologies de la informació i la comunicació,realTIC-UOC,,104,22/11/2021,,"Appel, Marie Christine","Robbins, Jacqueline;Rosso Herrero, Ana",,,Universitat Oberta de Catalunya,054-94522271579,11/07/2023,0000-0002-9528-7002,0000-0003-3233-2096;0000-0002-7285-190X,,
024-74255596469,"(ca) - CREB - Centre de Recerca en Enginyeria Biomedica,(en) - CREB - Biomedical Engineering Research Centre,(es) - CREB - Centro de Investigacion en Ingenieria Biomedica",CREB,http://www.creb.upc.edu/,CREB,23/09/2009,,"Perera Lluna, Alexandre","Vilaplana Pasto, Josep;Pla Garcia, Nuria;Gonzalez Piñero, Manel;Clos Costa, Daniel;Barjau Condomines, Ana;Pamies Vila, Rosa;Fernandez Chimeno, Mireya;Pegueroles, Marta;Vallverdu Ferrer, Maria Montserrat;Martinez Velasco, Antonio Benito;Canal Barnils, Cristina;Alonso Lopez, Joan Francesc;Serna Higuita, Leidy Yanet;Fonollosa Magrinyà, Jordi;Muñoz Morgado, Luis Miguel;Garcia Gonzalez, Miquel Angel;Bachiller Matarranz, Alejandro;Tost Pardell, Daniela;Mata Miquel, Cristian;Gomis Roman, Pedro;Ginjaume Egido, Merce;Engel López, Elisabeth;Manero Planella, Jose María;Sempau Roma, Josep;Riu Costa, Pere Joan;Aranda Lopez, Juan;Fernandez Ruzafa, Jose;Ayala Vallespi, Maria Dolors;Nescolarde Selva, Lexa;Cenciarini, Massimo;Frigola Bourlon, Manuel;Vigo Anglada, Marc;Romero Lafuente, Sergio;Serrancoli Masferrer, Gil;Bragós Badia, Ramon;Martin Rull, Enric Xavier",,"Marszalek, Marta;Epke, Michael Ray;Turon Jimenez, Anna;De Miguel Fernandez, Jesus;San Agustin Gomara, Sergio;Llano Viles, Joshua;Borras Puertolas, Berta",Universitat Politècnica de Catalunya,024-74255596469,08/02/2024,0000-0001-6427-851X,0000-0002-1820-3063;0000-0001-9997-6254;0000-0003-4579-9779;0000-0001-7530-930X;0000-0001-6540-5648;0000-0002-3814-9199;0000-0001-8384-1320;0000-0002-7895-8337;0000-0002-2031-3261;0000-0002-0451-707X;0000-0002-3039-7462;0000-0002-2980-6716;0000-0002-0374-4246;0000-0001-8854-8588;0000-0003-3680-6957;0000-0002-8043-4794;0000-0001-6507-1027;0000-0001-9619-605X;0000-0003-4768-5062;0000-0002-2058-7115;0000-0002-6767-2624;0000-0003-4855-8874;0000-0002-1673-4389;0000-0002-2754-7685;0000-0003-0477-1972;0000-0001-9283-9548;0000-0001-9318-3317;0000-0003-4931-0467;0000-0001-6861-5106;0000-0002-9228-2513;0000-0001-8838-1562;0000-0001-7412-0425;0000-0002-8627-543X;0000-0001-5034-2445;0000-0002-1373-1588;0000-0002-6775-5470,,
004-UB-GR005888,(ca) - Pragmàtica de la literatura medieval: llengües i cultures en contacte,,,005888,27/04/2023,2021SGR0538,"Simo Torres, Meritxell","Soriano Robles, Maria Lourdes;Cortes Timoner, Maria del Mar;Espluga Corbalan, Xavier;Sabate Marin, Gloria;Bastardas Rufat, Maria Reina",,"Casas Reig, Enric;Camprubí, Adriana;Rossell, Antoni",Universitat de Barcelona,004-UB-GR005888,11/07/2023,0000-0002-9043-9134,0000-0002-9248-0042;0000-0002-4553-241X;0000-0002-6690-1974;0000-0002-4286-4064;0000-0003-0866-5157,,
G63971451-13694,(en) - Complex Metabolic Diseases And Mitochondria,,,2017SGR1015,,,,"Danezi, Aikaterini;Sun Wang, Jia Liang;Sebastián Muñoz, David;Sanchez Fernandez de Landa, Paula;Sabaté Pérez, Alba;Hernandez Barranco, Vanesa;Zorzano Olarte, Antonio;Ivanova, Saska;Seco Oller, Jorge Manuel;Frager, Petra;Romero, Montserrat;Sánchez Feutrie, Manuela",,,Institut de Recerca Biomèdica de Barcelona,G63971451-13694,28/01/2022,,,,
08072395-37.52,(ca) - Enginyeria tissular musculoesquelètica,Enginyeria tissular musculoesquelètica,http://www.vhir.org/portal1/grup-equip.asp?s=recerca&contentid=187132&t=Enginyeria%20Tissular%20Musculoesquel%E8tica,37.52,,,"Vélez Villa, Roberto","Vives Armengol, Joaquim;Aguirre Canyadell, Màrius;Server Salvà, Anna;Joshi Jubert, Nayana;Cabrera Perez, Raquel;Pacha Vicente, Daniel Alejandro",,"Roig Molina, Ángela;Hernandez Vicens, Margalida;Prat Matifoll, Joan Albert",Fundació Vall d'Hebron Institut de Recerca,08072395-37.52,08/02/2024,0000-0001-8917-6050,0000-0001-9719-5235;0000-0002-3852-338X;0000-0001-5436-1176;0000-0002-8525-4485;0000-0002-4858-0142;0000-0001-7575-2782,,
043-UDG-GR000997,(ca) - Renda i fiscalitat a la Catalunya baixmedieval,,,000997,01/01/2022,2021SGR1151,"Orti Gost, Pere","Moreno Peré, Juli",,"Juncosa Bonet, Eduard;Farias Zurita, Victor Eduardo;Turull Rubinat, Max;Alias, Fabrizio;Ruiz Gómez, Vicenç;Ferrer Godoy, Joan;Palarea Marimon, Aina;Tello Hernandez, Esther;Salrach Mares, Josep Maria;Soberón Rodríguez, Mikel;Redondo García, Esther;Martí i Arau, Albert;Mugueta Moreno, Íñigo;Sales Fava, Lluis;Morelli, Serena;Morelló Baget, Jordi;Miquel Milian, Laura;Tudela Vilallonga, Lluís;Saguer, Romain;Martinez Giralt, Alejandro;Galera Pedrosa, Andreu;Mallorqui Garcia, Elvis;Vela Aulesa, Carles;Torras i Serra, Marc;Verdes Pijuan, Pere;Marco Masferrer, Xavier;Tomás Faci, Guillermo",Universitat de Girona,043-UDG-GR000997,27/05/2023,0000-0002-7718-2370,0000-0001-7624-638X,,0000-0003-3359-8806;0000-0001-5530-8123
17015281-gr295,(un) - Obesitat i risc cardiovascular en pediatria,,,IDIBGI_Pedia,01/01/2005,,"Lopez Bermejo, Abel","Vasileva, Fidanka;Carreras Badosa, Gemma;Osiniri Kippes, Inés;Riera Pérez, Elena Maria;Prats Puig, Anna;Díaz Roldan, Ferran;Mas Pares, Berta",,,Institut d’Investigació Biomèdica de Girona Dr. Josep Trueta,17015281-gr295,16/02/2023,0000-0002-5828-8911,0000-0002-0057-9329;0000-0003-2100-0221;0000-0003-4632-2227;0000-0001-8135-4385;0000-0002-5253-3808;0000-0002-4062-5668;0000-0001-8283-3089,,
022-cb169bde-19cb-4d76-bc2b-716116d80a70,"(es) - Grup de Recerca de Citogenètica Bàsica i Clínica,(en) - Grup de Recerca de Citogenètica Bàsica i Clínica,(ca) - Grup de Recerca de Citogenètica Bàsica i Clínica",,,cb169bde-19cb-4d76-bc2b-716116d80a70,01/10/2009,2017SGR1796,,"Plaja Rustein, Alberto;Rigola Tor, Maria Angels;Oliver Bonet, Maria;Rey Azpiri, Javier del;Català Cahís, Vicenç","Benet Catala, Jordi","Miró Ametller, Rosa;Garcia Segura, Sergio;Navarro Ferrete, Joaquima;Fernandez Encinas, Alba;Ponsa Arjona, Immaculada",Universitat Autònoma de Barcelona,022-cb169bde-19cb-4d76-bc2b-716116d80a70,24/03/2023,,0000-0002-2398-1134;0000-0002-4290-1160;0000-0001-5635-6741;0000-0001-7887-7871;0000-0001-9264-7378,0000-0001-6185-2555,0000-0003-2508-5074;0000-0001-9594-2938;0000-0002-9245-2260;0000-0003-3436-1907
08071147-13847,(en) - Optical Parametric Oscillators,,,13847,,,,"Termos, Hassan;Sánchez, Alfredo Daniel;Ebrahim-Zadeh, Majid;Suddapalli, Chaitanya Kumar;Pizzurro, Sara;Sukeert, Sukeert",,,Fundació Institut de Ciències Fotòniques,08071147-13847,24/03/2023,,0000-0003-2072-4201;0000-0003-2763-0339;0000-0003-2849-0390;0000-0002-5164-6130;0000-0003-3433-7050;0000-0002-8503-8715,,
024-62202672262,"(es) - CEMAD - Caracterizacion Electrica de Materiales y Dispositivos,(ca) - CEMAD - Caracteritzacio electrica de materials i dispositius,(en) - CEMAD - Electrical Characterisation of Materials and Devices",CEMAD,http://cemad.upc.edu,CEMAD,22/07/2004,2021SGR0384,"Garcia Garcia, Jose Eduardo","Lopez Blanco, Samuel;Ochoa Guerrero, Diego Alejandro;Gomis Arbones, Vicente",,,Universitat Politècnica de Catalunya,024-62202672262,27/09/2023,0000-0002-1232-1739,0000-0003-0591-3100;0000-0002-8756-9704;0000-0002-7226-0325,,
Q5856414G-615,(en) - Immunoal·lèrgia respiratòria clínica i experimental (IRCE),,,615,,,"Mullol I Miret, Joaquim","Di Somma, Alberto;Perdomo Gutierrez, Gustavo;Lehrer Coriat, Eduardo;Tubita, Valeria;Marín Agustín, Maria Concepció;Rojas Lechuga, María Jesús;Alobid, Isam;Balsells Vives, Sara;Langdon Montero, Cristobal;Valero Santiago, Antonio;Muñoz Cano, Rosa Maria;Fuentes Prado, Mireya;Arismendi Nuñez, Ebymar;Pérez González, María;Picado Vallés, César;Arancibia Verdugo, Claudio;Izquierdo Dominguez, Adriana;García García, Lucía;Pascal Capdevila, Mariona;Martin Andorra, Margarita;Bartra Tomàs, Joan;Ollé Boix, Laia;Roca Ferrer, Jordi;Casas Saucedo, Rocío;Ruano Zaragoza, María;Bernal Sprekelsen, Manuel",,,Q5856414G,Q5856414G-615,28/11/2022,0000-0003-3463-5007,0000-0002-3253-3448;0000-0001-6640-2596;0000-0002-4591-2607;0000-0003-4574-0582;0000-0001-9357-4748;0000-0002-1402-5167;0000-0001-7204-5599;0000-0001-8342-1780;0000-0003-1540-8095;0000-0001-6266-2585;0000-0001-8566-8285;0000-0002-1381-5589;0000-0002-7749-2838;0000-0001-5525-5543;0000-0001-7400-4993;0000-0001-8431-4055;0000-0002-6124-5197;0000-0001-6025-7607;0000-0003-0549-9720;0000-0002-9245-4899;0000-0001-7767-4730;0000-0003-3553-0290;0000-0002-9527-2273;0000-0002-8327-0211;0000-0002-5847-7480;0000-0001-8191-9833,,
08070763-gr516,(un) - BIOMARCADORS DE L'EVOLUCIO DE LA MALALTIA,,http://www.recercasantpau.cat/en/group/biomarkers-for-cardiovascular-disease/,A1-05,03/12/2010,,"Padro Capmany, Teresa","De Santisteban Vilaplana, Victoria Marta;Garcia Arguinzonis, Maisa Ines",,,Institut de Recerca Hospital de Sant Pau – IIB Sant Pau,08070763-gr516,27/05/2023,0000-0003-1921-954X,0000-0003-0623-031X;0000-0001-6749-5026,,
039-GLIF,"(ca) - Grup de Recerca en Lingüística Formal (GLIF),(es) - Grupo de Investigación en Lingüística Formal (GLIF),(en) - Formal Linguistics Research Group (GLIF)",,https://www.upf.edu/web/glif,GLIF,02/02/2005,2017SGR1478,,"Buchczyk, Sebastian;Gabarró López, Sílvia;Sutton, Peter;Alsina, Àlex;Fontana Méndez, Josep M.;Wiltschko, Martina;Liang, Jialing;Villaecija Chavarria, Aida;Liao, Xixian;Huang, Zi;Quer Villanueva, Josep;Zorzi, Giorgia;Mayol Toll, Laia;Barberà Altimira, Gemma;Vallduví, Enric;Mcnally, Louise;Ausensi Jimenez, Josep",,,Universitat Pompeu Fabra,039-GLIF,27/05/2023,,0000-0002-6740-8129;0000-0003-2918-108X;0000-0001-8662-9675;0000-0003-2210-0961;0000-0002-5590-6200;0000-0003-4647-3033;0000-0002-4164-9338;0000-0002-2981-8485;0000-0002-8214-3659;0000-0002-7187-9425;0000-0001-6466-2749;0000-0003-2427-2732;0000-0001-5386-816X;0000-0003-0669-7243;0000-0001-6662-3882;0000-0002-3355-913X;0000-0002-0193-6594,,
004-UB-GR005420,(ca) - Grup de Recerca Ensenyament i Aprenentatge Virtual,,http://greav.ub.edu,5420,01/01/2017,2017SGR1181,"Rodriguez Illera, Jose Luis","Galvan Fernandez, Cristina;Fuertes Alpiste, Marc;Font Moll, Vicenç;Barajas Frutos, Mario;Barquero Farras, Berta;Rubio Hurtado, Maria Jose;Alcaraz Dominguez, Silvia;Martinez Olmo, Francesc;Molas Castells, Nuria",,"Quintana Albalat, Jordi;Gimenez Rodriguez, Joaquin;Coromina Cabeceran, Julia;Sala Sebastià, Gemma",Universidad de Barcelona,004-UB-GR005420,28/01/2022,,,,
08033055-gr139,(un) - Investigadores Parc Sanitari Sant Joan de Déu (sin grupo),,,P09-02,01/01/2019,,,"Santos Gómez, Idoia;Sánchez Balcells, Sara",,,Institut de Recerca Sant Joan de Déu,08033055-gr139,25/10/2024,,0009-0005-1291-8809;0000-0002-1890-7554,,
039-CINEMA,"(en) - Aesthetic Research on Audiovisual Media Group (CINEMA),(es) - Grupo de Investigación Colectivo de Investivación Estética de los Medios Audiovisuales (CINEMA),(ca) - Grup de Recerca Col·lectiu d''Investigació Estètica dels Mitjans Audiovisuals (CINEMA)",,https://www.upf.edu/web/cinema,CINEMA,02/02/2005,2017SGR1240,,"Jiménez Morales, Manel;Benavente Burian, Fran;Salvadó-Romero, Alan;Tedesco Barlocco, Brunella;Pintor Iranzo, Ivan;Aidelman Feldman, Núria;Pérez Torio, Xavier;Bou I Sala, Núria;Balló Fantova, Jordi;Sánchez Martí, Sergi;Salvadó Corretger, Glòria;De Lucas Abril, Gonzalo;Elduque Busquets, Albert;Cancela López, Nuria;Fillol, Santiago;Losilla Alcalde, Carlos;Garin Boronat, Manuel",,,Universitat Pompeu Fabra,039-CINEMA,28/11/2022,,0000-0002-9227-3262;0000-0002-1160-0277;0000-0001-8282-2021;0000-0001-6037-3560;0000-0002-9554-2616;0000-0003-2530-0432;0000-0002-2247-4763;0000-0003-0169-1715;0000-0002-3484-1145;0000-0003-4689-8103;0000-0002-2460-6934;0000-0002-5327-6049;0000-0002-5194-4525;0000-0002-4737-3125;0000-0003-2463-6073;0000-0002-0500-4022;0000-0001-9596-8257,,
08070672-14,(ca) - Grup de recerca Hospital,,,14,,,,"Sancho Insenser, Joan Josep;Cirera Lorenzo, Isabel;Sunyer Deu, Jordi;Pereira Rodríguez, José Antonio;Hinarejos Gómez, Pedro Angel;Solé Sedeño, Josep Maria;Maiques Llacer, José María;Masip Montero, Carles Manel;Argudo Aguirre, Nuria;Kogevinas, Manolis;León García, Alfonso;López Vílchez, María Ángeles;Busto Barrera, Marcos;Aguirre Tejedo, Alfons",,,Institut Hospital del Mar d'Investigacions Mèdiques,08070672-14,24/03/2023,,0000-0003-4603-0363;0000-0002-8342-6474;0000-0002-2602-4110;0000-0003-2457-6955;0000-0001-7567-1317;0000-0002-0789-6896;0000-0002-4200-3344;0000-0001-7661-9529;0000-0002-8433-4168;0000-0002-9605-0461;0000-0002-8359-2034;0000-0001-8865-9405;0000-0001-7736-0010;0000-0002-2569-3611,,
022-97bd5d6d-cfb2-4419-9afd-2d0be6aa22bf,"(ca) - Grup De Recerca En Arts Escèniques I Musicals En Les Societats Contemporànies GRAEMUSC,(es) - Grup De Recerca En Arts Escèniques I Musicals En Les Societats Contemporànies GRAEMUSC,(en) - Grup De Recerca En Arts Escèniques I Musicals En Les Societats Contemporànies GRAEMUSC",GRAEMUSC,,97bd5d6d-cfb2-4419-9afd-2d0be6aa22bf,01/01/2022,2021SGR0579,"Cortes Mir, Francesc d'Assis","Foguet Boreu, Francesc;Gan Quesada, German;Corral Fulla, Anna;Perez Aparicio, Jose Miguel;López Gómez, Lidia",,"Segura García, Silvia;Mestres Emilió, Albert;Caceres Piñuel, Maria;Badal Perez Alarcon, Carles;Suárez Gómez, Rafael;Ester Vendrell Sales;Torras Segura, Daniel;Roquer Gonzalez, Jordi;Schmutz, Cristina",Universitat Autònoma de Barcelona,022-97bd5d6d-cfb2-4419-9afd-2d0be6aa22bf,11/07/2023,0000-0002-9007-2563,0000-0003-4083-5486;0000-0002-0522-7138;0000-0001-7335-2128;0000-0002-8723-8948;0000-0002-0627-1122,,0000-0001-8948-9946
G65454308-05269337126,(un) - Oncogenesis and Antitumor Drug group,,www.carrerasresearch.org,GRU1000016,01/01/2010,2017SGR0865,"Mangues Bafalluy, Ramon","Unzueta Elorza, Ugutz",,"Navas Jimenez, Luis Carlos;Nuñez Amela, Yaiza;Rioja Blanco, Elisa;Casanova Rigat, Isolda;Garcia Leon, Annabel",Institut de Recerca Contra la Leucèmia Josep Carreras,G65454308-05269337126,08/02/2024,0000-0003-2661-9525,0000-0001-5119-2266,,
024-93445737868,"(en) - EnGeoModels - Monitoring and Modelling in Engineering Geology,(es) - EnGeoModels - Monitorizacion y Modelizacion en Ingenieria Geologica,(ca) - EnGeoModels - Monitoratge i Modelitzacio en Enginyeria Geologica",EnGeoModels,https://engeomodels.upc.edu/en,EnGeoModels,01/01/2015,,"Hurlimann Ziegler, Marcel","Moya Sanchez, Jose;Ruiz Carulla, Roger;Oorthuis Gomez, Raul",,,Universitat Politècnica de Catalunya,024-93445737868,29/11/2023,0000-0003-0119-1438,0000-0001-9686-656X;0000-0003-0753-4745;0000-0003-4722-7838,,
G60805462-gr340,(un) - HIV and HCV Genetic and Phenotypic Variability,,,IRSI VIH_VHC,01/01/1980,,"Martínez, Miguel Angel",,,,Institut de Recerca Germans Trias i Pujol,G60805462-gr340,24/03/2023,0000-0002-6681-4950,,,
G25314394-gr299,(un) - Neurobiologia Evolutiva i del Desenvolupament,,,06,01/01/2005,,"Medina Hernandez, Loreta;Desfilis Barcelo, Ester","Gonzalez Alonso, Alba;Abellan Rodenas, Antonio",,"Freixes Vidal, Júlia",Institut de Recerca Biomèdica de Lleida – Fundació Dr. Pifarré,G25314394-gr299,27/05/2023,0000-0001-7327-8167;0000-0002-7765-0584,0000-0001-5103-0961;0000-0002-1748-7105,,
58863317-gr307,(un) - Gynecologic Cancer Group,,https://idibell.cat/en/research/cancer-area/molecular-mechanisms-and-experimental-therapy-in-oncology-program-oncobell/gynecologic-cancer-group/,120,01/01/2016,,"Matias-Guiu Guia, Xavier","Ponce i Sebastià, Jordi;Bonilla Amadeo, Ricard;Gassner, Katja;Devis Jauregui, Laura;Vidal Bel, August;Taco Sanchez, Maria del Rosario;Trapero Candela, Carla;Pardo Búrdalo, Beatriz;Gil Martin, Marta;Rodriguez Martinez, Aitor;Llobet Navas, David;Coll Iglesias, Laura;Llobet Navàs, Francisco Javier;Guerra Fernández, Esther;Varela Rodriguez, Maria del Mar;Bonifaci Cano, Nuria;Martín Satué, Mireia;Barahona Orpinell, Marc;Rodríguez Barrueco, Ruth;Marín i Borràs, Susanna",,,Institut d'Investigació Biomèdica de Bellvitge,58863317-gr307,11/07/2023,0000-0002-7201-6605,0000-0002-0613-2261;0000-0002-5977-0048;0000-0001-8533-6475;0000-0003-3736-3983;0000-0001-5727-2099;0000-0002-5847-0932;0000-0001-7948-8122;0000-0001-7966-5918;0000-0002-8548-5355;0000-0002-4838-781X;0000-0003-1443-7003;0000-0003-1337-4485;0000-0001-9513-5722;0000-0002-7998-8394;0000-0002-2129-6336;0000-0002-8193-6825;0000-0002-9718-4664;0000-0002-9969-5628;0000-0003-4925-8865;0000-0003-2597-4787,,
G25314394-gr322,(un) - Senyalització Cel·lular per Calci,,,29,01/01/2012,,"Herreros Danés, Judit;Canti Nicolas, Carles","Argiles Baulo, David;Alza Blanco, Lia;Visa Pretel, Anna",,"Casals Sánchez, Maria",Institut de Recerca Biomèdica de Lleida – Fundació Dr. Pifarré,G25314394-gr322,08/02/2024,0000-0003-4200-0853;0000-0003-3854-9712,0000-0003-1781-8514;0000-0001-8659-0977;0000-0002-4216-7146,,
022-e2e1120e-1ba5-42f1-a18a-9e5aaf32ebb0,"(en) - Fisiologia molecular, epigenètica i biotecnologia de peixos BIOAQUA,(es) - Fisiologia molecular, epigenètica i biotecnologia de peixos BIOAQUA,(ca) - Fisiologia molecular, epigenètica i biotecnologia de peixos BIOAQUA",BIOAQUA,,e2e1120e-1ba5-42f1-a18a-9e5aaf32ebb0,01/01/2022,2021SGR0068,"Cerdà Luque, Joan","Teles Pereira, Mariana;Conchillo Solé, Oscar;Daura Ribera, Xavier;Zerpa Rios, Oriana Victoria;Roher Armentia, Nerea",,"Rodríguez Bote, Enrique;Chauvigné, François;Goikoetxea Perez de Mendiola, Alexander;García Ordoñez, Marlid;Piferrer Circuns, Francesc;Sánchez Baizán, Nuria;Brandts Busom, Irene;Aceituno Abarzua, Patricia;Rey Alfonso, Angel;Castro Arnau, Julia;Joly Ruiz-Castellanos, Sílvia;Rojas-Peña, Mauricio;Finn, Roderick Nigel;Beato, Silvia",Universitat Autònoma de Barcelona,022-e2e1120e-1ba5-42f1-a18a-9e5aaf32ebb0,24/04/2024,0000-0003-2568-6398,0000-0001-5525-4049;0000-0003-4266-246X;0000-0001-9235-6730;0000-0002-4405-3812;0000-0002-6659-4038,,
Q5856414G-621,(en) - Control traduccional de la malaltia hepàtica i el càncer,,,621,,,"Fernández Lobato, Mercedes","Delgado Martin, M. Eugenia",,,Institut d'Investigacions Biomèdiques August Pi i Sunyer,Q5856414G-621,16/06/2021,,,,
043-UDG-GRGRCT0081,(ca) - Grup de Recerca Laboratori de Gràfics i Imatge (GILAB),,http://gilab.udg.edu/,GRCT0081,24/10/2007,,"Sbert Casasayas, Mateo","Xiberta i Armengol, Pau;Bardera Reig, Antoni;Feixas Feixas, Miquel;Poch Garcia, Jordi;Fort Masdevall, Marta;Boada Oliveras, Immaculada;Vila Duran, Marius;Coll Arnau, Narcís;Quintana Conejero, David;Soler Maso, Josep",,"Artusi, Alessandro;Guerrieri Basualdo, Maria Ethel;Bonmati Coll, Ester;Vila Clarà, Oriol;Peiró Rubio, Karma;Madern Leandro, Narcis;Sellarès Chiva, Joan Antoni;Saus Ten, Moises;Garcia Hernandez, Ruben Jesus;Rigau Vilalta, Jaume;Bonaventura Brugués, Xavier;Guo, Yuejun;Ruiz Altisent, Marc;Valladares Cereceda, Ignacio;Magdics, Milán;Khalid, Adnan;Prados Carrasco, Ferran;Sauvaget, Catherine;Paradinas Salson, Maria Teresa;Banus Paradell, Nuria",Universitat de Girona,043-UDG-GRGRCT0081,27/09/2023,0000-0003-2164-6858,0000-0003-4876-0562;0000-0001-9648-0624;0000-0001-6512-7588;0000-0002-8205-842X;0000-0001-7120-050X;0000-0002-0001-8193;0000-0002-4492-9407;0000-0001-8111-9158;0000-0002-9024-4804;0000-0002-3202-2699,,0000-0002-4502-663X;0000-0002-8764-7178;0000-0003-0004-0670;0000-0003-4069-3991;0000-0002-5535-2420;0000-0001-6490-4170;0000-0001-9713-4790
08033055-gr70,(un) - Evaluación de Tecnologías Sanitarias en Atención Primaria y Salud Mental (PRISMA),,,P01-14,01/01/2016,,"Serrano Blanco, Antoni;Rubio Valera, Maria","Sanchez Viñas, Alba;Gil Girbau, Maria Montserrat;Arroyo Uriarte, Paula;Carbonell Duacastella, Cristina;Aznar Lou, Ignacio;Baladon Higuera, Luisa;Palma Vásquez, Claudia;Dima, Alexandra Lelia",,"Soler Font, Mercè;McCrone, Paul;Barneda, Vanessa;González Suñer, Laura;Knapp, Martin;Chavarría Romero, Víctor;Gallardo González, Maria del Carmen;Fuente Moreno, Marina;Peñarrubia Maria, Maria Teresa;Peña Salazar, Carlos;March Pujol, Maria Antonia;Corral Partearroyo, Carmen;Iracheta Todó, Montserrat;Vicens Pons, Enric;Fernández Sánchez, Ana;Iglesias Gonzalez, Maria;Jove Masso, Ana Maria;Sabes Figuera, Ramon;López Ortiz, Cristina;Vilaplana Carnerero, Carles;Salvador Carulla, Luís;Fabrizio Contaldo, Salvatore;Ramírez Perdomo, Silvia;Mendive Arbeloa, Juan Manuel",Institut de Recerca Sant Joan de Déu,08033055-gr70,16/02/2023,0000-0001-6123-0633;0000-0003-2856-1697,0000-0001-5020-7534;0000-0002-4396-6492;0000-0002-3085-2584;0000-0002-8794-5490;0000-0002-6780-5968;0000-0002-5766-5084;0000-0001-8830-1884;0000-0002-3106-2242,,0000-0002-8066-4696;0000-0002-5742-9866
004-UB-GR005393,(ca) - Sintesi Estereoselectiva d'Antitumorals i Antivírics,,,005393,01/01/2017,2017SGR0271,"Urpí Tubella, Fèlix","Romea Garcia, Pedro;Vilarrasa Llorens, Jaime;Costa Arnau, Anna Maria",,"Flores Teloxa, Saul;Kennington, Stuart Christopher David;Carneros Garcia, Hector;Gomez Palomino, Alejandro;Petit Roig, Elena;Castro Alvarez, Luis Alejandro;Marco Correas, Cristian",Universitat de Barcelona,004-UB-GR005393,24/03/2023,0000-0003-4289-6506,0000-0002-0259-9155;0000-0002-2522-8218;0000-0003-4345-4750,,0000-0003-4908-8851
Q5856414G-6120,"(en) - Melanoma: imatge, genètica i immunologia",,,6120,,,"Puig Sarda, Susana","Sandoval Clavijo, Alejandra;Mateu Aniento, Judit;Calbet Llopart, Neus;Aguilera Peiró, Paula;Malvehy Guilera, Josep;Tell Marti, Gemma;Badenas Orquín, Celia;Potrony Mateu, Miriam;Molina Garcia, Manuel;Toll Abelló, Agustín;Puig Butillé, Joan Anton",,,Q5856414G,Q5856414G-6120,28/11/2022,0000-0003-1337-9745,0000-0003-3772-5649;0000-0002-0586-1200;0000-0003-0443-3025;0000-0002-1825-7707;0000-0002-6998-914X;0000-0003-2728-6961;0000-0002-0621-0477;0000-0003-2766-0765;0000-0003-4218-9756;0000-0003-2656-0076;0000-0003-4345-9631,,
08070544-13156,(en) - PIC-CIEMAT,,,13156,,,,"Porto, Mari Carmen;Flix, Jose;Merino Arévalo, Gonzalo;Casals, Jordi;Torradeflot, Francesc;Pérez-Calero, Antonio;Tallada, Pau",,,Institut de Física d’Altes Energies,08070544-13156,08/02/2024,,0000-0002-5447-3773;0000-0003-2688-8047;0000-0002-9540-5742;0000-0002-6990-6471;0000-0003-1160-1517;0000-0003-3036-7965;0000-0002-1336-8328,,
08033055-gr132,(un) - Cirugía Ortopedica y Traumatología,,,G01-05,07/02/2022,,"García Fontecha, César Galo","Pérez López, Laura Montserrat;Rovira Marti, Maria Pilar",,"Corominas Francés, Laura;Torner Rubies, Ferran;Peiró García, Alejandro",Institut de Recerca Sant Joan de Déu,08033055-gr132,28/11/2022,0000-0002-6363-433X,0000-0001-8261-3297;0000-0001-8483-4122,,
062-33068974518,(ca) - Community based urbanism,2017 SGR 610 (GRC),,2017 SGR 610 (GRC),01/01/2017,2017SGR0610,"Vall Casas, Pere","Cuellar Jaramillo, Alvaro Rodrigo;Mendoza Arroyo, María del Carmen;Colacios Parra, Raquel;Benages Albert, Marta;Chelleri, Lorenzo",,"Garcia Acosta, Xavier",Universitat Internacional de Catalunya,062-33068974518,16/02/2023,0000-0001-7566-5419,0000-0002-4869-0018;0000-0003-4206-8348;0000-0002-5525-6180;0000-0002-4506-0432;0000-0003-0229-5028,,
G63971451-14530,(en) - Inflammation and Cancer,,,14530,,,,"Alonso Curbelo, Direna",,,Institut de Recerca Biomèdica de Barcelona,G63971451-14530,28/01/2022,,,,
58863317-gr325,(un) - Psychiatry and Mental Health,,https://idibell.cat/en/research/neuroscience-area/neuroscience-program/psychiatry-and-mental-health/,207,01/01/2004,,"Menchón Magriñà, José Manuel","Custal Teixidor, Nuria;Saiz Masvidal, Cristina;Alonso Ortega, Mª del Pino;Soriano Mas, Carles;Segalàs Cosí, Jacint;Urretavizcaya Sarachaga, Mikel;Soria Tomas, Virginia;Hernández Ribas, Rosa;Contreras Fernández, Fernando;De la Peña Arteaga, Victor;Bertolin Triquell, Sara;de Arriba Arnau, Aida;Contreras Rodriguez, Oren;Real Barrero, Eva;Martinez Zalacain, Ignacio",,"Crespo Blanco, José Manuel",Institut d'Investigació Biomèdica de Bellvitge,58863317-gr325,24/03/2023,0000-0002-6231-6524,0000-0002-5004-359X;0000-0001-9801-1143;0000-0002-5779-9111;0000-0003-4574-6597;0000-0002-0959-0356;0000-0002-9746-4068;0000-0001-6412-6831;0000-0002-0084-6976;0000-0003-2929-2804;0000-0001-8627-2653;0000-0003-1468-7862;0000-0002-7877-7341;0000-0001-8922-8084;0000-0003-4523-1649;0000-0002-4036-0284,,
G63971451-13722,(en) - Structural Bioinformatics And Network Biology,,,13722,,2017SGR1486,,"Sanchez Soto, Marta;Saldivar Espinoza, Bryan Percy;Rojas Granado, Gema;Lenes, Aksel;Pons Perez, Carles;Pareja Lorente, Elena;Jorba Argemi, Guillem;Comajuncosa Creus, Arnau;Aloy Calaf, Patrick;Dalton Martínez, Dylan",,,Institut de Recerca Biomèdica de Barcelona,G63971451-13722,08/02/2024,,0000-0003-3343-5628;0000-0002-9667-2818;0000-0001-7110-5684;0009-0005-4847-1009;0000-0002-9131-9089;0000-0001-6568-2629;0000-0001-5209-5353;0000-0002-9633-7665;0000-0002-3557-0236;0009-0005-4265-7806,,
G65454308-07956372147,(un) - Hematology Research,,www.carrerasresearch.org,GRU2000086,01/01/2020,,"Gallardo Giralt, David",,,,Institut de Recerca Contra la Leucèmia Josep Carreras,G65454308-07956372147,13/02/2025,0000-0003-1615-4592,,,
041-URL-GRGRETENLE,(ca) - Grup de Recerca en Technology Enhanced Learning (GRETEL),,,GRETENLE,01/01/2017,,"Fonseca Escudero, David","Amo Filvà, Daniel;Iriondo Sanz, Ignacio;Peña Camarillas, Enric;Villa Fernandez, Guillem;Jurado Cojo, Elena;Llauro Moliner, Alba;De Torres Gomez, Eduard;Villagrasa Falip, Sergi;Villegas Portero, Eva;Olivella, Roger;Petchamé Sabartés, Josep;Simon Grabalos, David;Montero Morales, Jose Antonio;Canaleta Llampallas, Xavi;Martin Nieva, Helena",,"Necchi, Silvia;Torres Kompen, Ricardo;Alsina Claret, Maria",Universitat Ramon Llull,041-URL-GRGRETENLE,08/02/2024,0000-0001-9471-153X,0000-0002-4929-0438;0000-0003-2467-4192;0000-0003-3338-6272;0000-0002-6044-4485;0000-0003-1444-2929;0000-0003-3135-9641;0000-0001-9996-1941;0000-0001-8019-6872;0000-0003-4995-1299;0000-0002-9107-3285;0000-0001-8774-9409;0000-0002-3578-4787;0000-0001-6358-8938;0000-0002-9412-8827;0000-0001-6310-8391,,
024-01401010122,"(en) - CIEFMA-PROCOMAME - Microstructural Design and Advanced Manufacturing of Materials,(ca) - CIEFMA-PROCOMAME - Disseny Microestructural i Fabricacio Avancada de Materials,(es) - CIEFMA-PROCOMAME - Dise?o Microestructural y Fabricacion Avanzada de Materiales",CIEFMA-PROCOMAME,http://futur.upc.edu/CIEFMA-PROCOMAME,CIEFMA-PROCOMAME,01/01/2022,,"Llanes Pitarch, Luis Miguel","Calvo Muñoz, Jesica;Fargas Ribas, Gemma;Garcia Gonzalez, Sandra;Garcia Marro, Fernando;Besharatloo, Hossein;Ortiz Membrado, Laia;Rezayat, Mohammad;Cabezas i Peñalva, Laura;Morales Comas, Miguel;Benito Paramo, Jose Antonio;Sousa Machado, Pedro Vinicius;Mateo Garcia, Antonio Manuel;Salan Ballesteros, Maria Nuria;Gordon Pozuelo, Sandra;Jimenez Pique, Emilio;Muñoz Bolaños, Jairo Alberto",,"Serra Fanals, Marc;Rius Ayra, Josep Oriol;Barriobero Vila, Pere;Villalobos Gutierrez, Crisanto Jose",Universitat Politècnica de Catalunya,024-01401010122,28/11/2022,0000-0003-1054-1073,0000-0002-5786-207X;0000-0002-5106-1220;0000-0002-9277-9642;0000-0003-3542-4332;0000-0003-2942-8206;0000-0001-9646-3226;0000-0003-3929-2664;0000-0001-5253-1071;0000-0003-0702-1966;0000-0001-5445-6749;0000-0002-1403-7782;0000-0001-8336-6128;0000-0001-9323-8883;0000-0001-9131-9559;0000-0002-6950-611X;0000-0002-6129-0799,,
022-bca70cd8-f245-4096-9ca1-3f4037215c1d,"(ca) - Grup de Recerca de Neuroinflamació i Estrès Oxidatiu,(es) - Grup de Recerca de Neuroinflamació i Estrès Oxidatiu,(en) - Grup de Recerca de Neuroinflamació i Estrès Oxidatiu",,https://inc.uab.cat/es/investigacion/neuroinflamacion-y-estres-oxidativo,bca70cd8-f245-4096-9ca1-3f4037215c1d,01/10/2009,2021SGR0017,"Hidalgo Pareja, Juan","Molinero Egea, Maria Amalia;Giralt Carbonell, Merce;Comes Orpinell, Gemma",,"Canal Capdevila, Carla;Aguilar Ludwig, Kevin",Universitat Autònoma de Barcelona,022-bca70cd8-f245-4096-9ca1-3f4037215c1d,27/09/2023,0000-0003-0921-1122,0000-0001-8661-8570;0000-0002-1806-1528;0000-0002-4074-7665,,0000-0002-2150-4836;0000-0002-1452-2841
G63971451-13689,(en) - Cell Signaling Group,,,13689,,,,"Quintana Verdaguer, Maria;Bae, Hansol;Nadal Ribelles, Mariona;Perez Rigau, Guillem;Caballero de la Torre, Maria;Martinez Limon, Adrian;Joaquín Caudet, Manel;Sole Serra, Carme;Canadell Sala, David;Seisenbacher, Gerhard;Posas Garriga, Francesc;Torres Sánchez, Ariadna;de Nadal CLANCHET, Eulàlia;Duch Larregola, Alba;Zgajnar, Nadia Romina;Company Garrido, Ivan;Fernandez Robisco, Aida",,,Institut de Recerca Biomèdica de Barcelona,G63971451-13689,28/11/2022,,0000-0002-8042-529X;0000-0002-6737-5865;0000-0003-3314-6711;0000-0003-0311-3214;0000-0003-1198-9697;0000-0003-2155-8268;0000-0001-8973-5916;0000-0003-4543-7401;0000-0003-0682-2980;0000-0002-1314-9459;0000-0002-4164-7076;0000-0002-0356-0762;0000-0003-0039-5607;0000-0001-6041-1360;0000-0002-2064-9574;0000-0002-9865-5640;0000-0003-0973-082X,,
024-58663490057,"(en) - RF&MW - Laboratory of RF & microwave systems, devices and materials,(ca) - RF&MW - Grup de Recerca de sistemes, dispositius i materials de RF i microones,(es) - RF&MW - Grupo de Investigacion de sistemas, dispositivos y materiales de RF y microondas",RF&amp;MW,http://www.tsc.upc.edu/microfir,RF&amp;MW,30/09/2004,,"Pradell Cara, Lluis","Barlabe Dalmau, Antoni;O'Callaghan Castella, Juan Manuel;Corbella Sanahuja, Ignasi;Santos Blanco, Maria Concepcion",,,Universitat Politècnica de Catalunya,024-58663490057,11/07/2023,0000-0003-4026-226X,0000-0002-1176-1329;0000-0002-2740-0202;0000-0001-5598-7955;0000-0002-5103-5356,,
042-URV-GR1787,(ca) - Grup de recerca en comunicació,,,1787,01/01/2022,2021SGR0108,"Gonzalo Iglesia, Juan Luís","López López, Bernat;Araüna Baro, Nuria;Quílez Esteve, Laia;Willem, Cilia Margareta Michael;Capriotti Peri, Vicente-Paul;Castelló Cogollos, Enric;Tortajada Gimenez, Yolanda;Capdevila Gómez, Aranzazu Maria;Moragas Fernández, Carlota Maria;Huertas Roig, Maria Asuncion;Prades Tena, Jordi;Farré Coma, Jorge;Montagut Calvo, Marta;Fonoll Tassier, Anna;Lozano Monterrubio, Natalia",,,Universitat Rovira i Virgili,042-URV-GR1787,08/02/2024,0000-0002-5682-1102,0000-0001-8416-7956;0000-0002-1997-2833;0000-0001-6696-2569;0000-0002-8272-498X;0000-0002-9398-5886;0000-0003-2154-2450;0000-0002-9310-652X;0000-0003-3030-0488;0000-0003-3028-6663;0000-0001-6684-4220;0000-0001-5131-127X;0000-0002-4465-911X;0000-0002-0270-9983;0000-0001-9254-8230;0000-0001-9848-0257,,
039-GR-UPFEOXI,"(es) - Grupo de Investigación en Estrés Oxidativo y Ciclo Celular,(en) - Oxidative Stress and Cell Cycle Research Group,(ca) - Grup de Recerca en Estrès Oxidatiu i Cicle Cel·lular",,https://www.upf.edu/web/osccg,GR-UPFEOXI,02/02/2005,2017SGR0539,,"Boronat Llop, Susanna;Ayté, José;Hidalgo Hernando, Elena",,,Universitat Pompeu Fabra,039-GR-UPFEOXI,11/07/2023,,0000-0003-1745-1556;0000-0002-6354-0536;0000-0002-3768-6785,,
039-MIR @MTG,"(es) - Music Information Research Lab (MIR lab),(ca) - Music Information Research Lab (MIR lab),(en) - Music Information Research Lab (MIR lab)",,https://www.upf.edu/web/mtg/music-information-research-lab,MIR @MTG,17/02/2016,,,"Gómez Cañón, Juan Sebastián;Porcaro, Lorenzo;Bonada Sanjaume, Jordi;Gómez Gutiérrez, Emilia",,,Universitat Pompeu Fabra,039-MIR @MTG,27/09/2023,,0000-0002-2544-6311;0000-0003-0218-5187;0000-0002-8671-0729;0000-0003-4983-3989,,
054-84296061495,(ca) - Investigadors individuals en Psicologia i Ciències de l'Educació,E-PSICO,http://www.uoc.edu/portal/ca/estudis_arees/psicologia_ciencies_educacio/index.html,16,18/06/2010,,,"Santamaria López, Elsa;Fernandez Ferrer, Maite;Perez Gonzalez, Alba;Vall-Llovera Llovet, Montse;Gálvez Mozo, Anna;Badia Garganté, Antoni;Castejón Coronado, Ester;García González, Iolanda;Morales Hidalgo, Paula;Baleriola Escudero, Enrique;Crescenzi Lanna, Lucrezia;Becerril Balín, Lorena;Barberà Gregori, Elena;Narimani, Amir",,,Universitat Oberta de Catalunya,054-84296061495,27/05/2023,,0000-0001-9000-7879;0000-0002-2941-0658;0000-0003-2151-2198;0000-0001-5320-7150;0000-0003-4195-4823;0000-0003-1294-8061;0000-0002-6028-4290;0000-0003-1070-0839;0000-0001-5434-7163;0000-0003-2899-6316;0000-0003-2825-0477;0000-0001-6357-1300;0000-0002-9315-8231;0000-0002-0083-8263,,
G63971451-13705,(en) - Growth Control And Cancer Metastasis,,,13705,,,,"Espuny Sanchis, Irene;Gomis Cabré, Roger;Figueras Puig, Cristina;Blasco Lazaro, Teresa;Lazic, Milos;Guiu Comadevall, Marc",,,Institut de Recerca Biomèdica de Barcelona,G63971451-13705,28/01/2022,,,,
08072395-37.128,(ca) - Grup de Recerca Medicina Física i Rehabilitació,Grup de Recerca Medicina Física i Rehabilitació,,37.128,,,"Montesinos Magraner, Lluisa","Ballesteros Reviriego, Gonzalo;Buxo Masip, Xavier;Toro Tamargo, Esther;González Viejo, Miguel Angel;Serrat Lopez, Mayte;Velasco Zarzuelo, Mercedes;Melendez Plumed, Mar;Pujol Blaya, Vicenta;Sánchez Raya, Judith;Rodriguez Gonzalez, Susana;Gómez Garrido, Alba;Launois Obregón, Patricia;Planas Pascual, Bernat;Dávalos Yerovi, Vanesa;Arroyo Aljaro, Ramon",,"Fernández Piñar, Virginia;Simon-Talero Peña, Carmen;Leon Espitia, Ana;Carrillo Ortega, Hugo;Crespo Rivero, Teresa;Cucalon Tobalina, Cristina;Perez Mezquina, Mª Engracia;Esperidón Navarro, Cristina;Falco, Antonieta;Bernabeu Garcia, Jose Antonio;Mayer Frutós, Ana Isabel;Ruiz Rodríguez, Alba;Franco Torres, Laura;Puignou Santallusia, Tania;Roig Rabada, Clara;Ruiz Hudd, Rosa Elisabet;Rojas Cuotto, Karla Patricia;Peris Bel, Adrià;Santa Marina Van Oudheusden, Denys;Sabate Lopez, Marta;Torrent Bertran, Ma Lluisa;Segura Navarro, Xurxo",Fundació Vall d'Hebron Institut de Recerca,08072395-37.128,28/11/2022,0000-0002-1408-2241,0000-0001-6511-6109;0000-0001-6814-7373;0000-0002-9943-6984;0000-0003-1671-5038;0000-0002-5591-9407;0000-0002-4367-7818;0000-0001-8100-6460;0000-0002-8086-0531;0000-0002-9356-7211;0000-0002-6170-5253;0000-0002-3884-5899;0000-0001-8115-2564;0000-0002-0222-9525;0000-0003-2676-5389;0000-0002-0725-7525,,
022-955460e7-e9cb-42c5-a7e6-567ddb9d8038,"(ca) - Grup de Recerca de Micologia Veterinària,(en) - Grup de Recerca de Micologia Veterinària,(es) - Grup de Recerca de Micologia Veterinària",,,955460e7-e9cb-42c5-a7e6-567ddb9d8038,01/10/2009,2017SGR0217,"Cabañes Saenz, Francisco Javier","Bragulat Arara, Maria Rosa;Castella Gomez, Gemma;Abarca Salat, M. Lourdes",,,Universitat Autònoma de Barcelona,022-955460e7-e9cb-42c5-a7e6-567ddb9d8038,28/11/2022,0000-0002-2244-5778,0000-0003-1853-1777;0000-0002-8404-0688;0000-0002-4151-0758,,
43018191-c5fdab21-3874-4444-b8af-3c792106bbc1,(un) - Prehistoric Socioecology and Cultural Changes,GAPS,http://www.iphes.cat/prehistoric-socioecology-and-cultural-changes,2017SGR836,01/01/2018,2017SGR0836,"Allué, Ethel","Burguet Coca, Aitor;Gómez Merino, Gala;Bianco, Sabrina;Rosell Ardèvol, Jordi;Kerfant, Céline;Burjachs, Francesc;Cazalla Manceras, Irene;Revelles López, Jordi;Cano i Cano, Nit;Alonso, Susana;Blasco López, Ruth;Sánchez Hernández, Carlos;Pastó Marín, Joan Ignasi;Martínez Polanco, María Fernanda;Florent Rivals;Berihuete-Azorín, Marian;Uzunidis, Antigone;Ramírez Pedraza, Iván;Tornero Dacasa, Carlos;Bañuls Cardona, Sandra;Chacón Navarro, María Gema;Micó Sanchís, Cristian;Morales Hidalgo, Juan Ignacio;Arilla Osuna, Maite;Expósito Barea, Isabel;Pérez Luís, Leopoldo Jesús;Díez-Canseco Esteban, Celia;Ibáñez López, Nuria;López García, Juan Manuel;Martín-Viveros Díez-Meco, Juan Ignacio;Vaquero Rodríguez, Manuel",,,Fundació Institut Català de Paleoecologia Humana i Evolució Social,43018191-c5fdab21-3874-4444-b8af-3c792106bbc1,24/03/2023,0000-0002-2431-0025,0000-0002-1866-816X;0000-0002-3906-3856;0000-0001-7360-5252;0000-0002-6758-6291;0000-0002-4297-5469;0000-0002-7200-9552;0000-0001-8790-4560;0000-0003-4803-9513;0000-0001-8141-5651;0000-0002-0530-296X;0000-0001-9804-739X;0000-0003-0998-3202;0000-0003-1780-4577;0000-0002-5540-8981;0000-0001-8074-9254;0000-0002-6248-1562;0000-0002-3500-7080;0000-0001-8673-212X;0000-0002-2870-8989;0000-0003-0370-7514;0000-0002-5612-6126;0000-0002-0454-9864;0000-0002-8253-414X;0000-0001-5994-678X;0000-0002-2084-5487;0000-0002-5622-368X;0000-0003-0221-745X;0000-0002-4953-2126;0000-0003-1605-9763;0000-0001-9354-6413;0000-0001-6572-8543,,
039-TIDE,"(ca) - Tecnologies Interactives i Distribuïdes per a l'Educació (TIDE),(en) - Interactive and Distributed Technologies for Education Research Group (TIDE),(es) - Grup de Recerca en Tecnologías Interactivas y Distribuidas para la Educación (TIDE)",,https://www.upf.edu/web/tide,TIDE,21/02/2018,2017SGR1698,,"Amarasinghe, Ishari;Hernández-Leo, Davinia;Beardsley, Marc Yoshimi;Santos Rodríguez, Patricia;Sánchez-Reina, J. Roberto;Albó Pérez, Laia",,,Universitat Pompeu Fabra,039-TIDE,27/05/2023,,0000-0003-2960-4804;0000-0003-0548-7455;0000-0002-3874-0739;0000-0002-7337-2388;0000-0002-6068-1229;0000-0002-7568-9178,,
004-UB-GR005722,"(ca) - Grup de recerca sobre desenvolupament, interacció i comunicació en contextos educatius",,,005722,27/04/2023,2021SGR0951,"Engel Rocamora, Ana","Remesal Ortiz, Ana;Colomina Alvarez, Rosa Maria;Onrubia Goñi, Francisco Javier;Vega Llobera, Fatima;Miralda Banda, Andrea;Minguela Brunat, Marta;Griful Freixenet, Júlia;Gracia Garcia, Marta;Rochera Villach, Maria Jose;Castells Gómez, Núria;Garcia-Mila Palaudarias, Maria Merce;Perez Sedano, Maria Esther;Merino Rubio, Iris;Adam Alcocer, Ana Luisa;Vidosa Castro, Horacio Fabian;Oller Badenas, Judith;Coll Salvador, Cesar",,"Barbera Gregory, Elena;Ginesta Fontsere, Anna;Luna Lujan, Jose Manuel;Membrive Ruiz, Antonio;Pifarré Turmo, Manuela",Universitat de Barcelona,004-UB-GR005722,27/09/2023,0000-0003-1153-2101,0000-0002-5090-2147;0000-0002-7110-8364;0000-0002-1153-779X;0000-0002-1828-377X;0000-0002-2733-118X;0000-0001-6216-253X;0000-0001-9317-9617;0000-0003-1280-4578;0000-0003-1498-6416;0000-0002-4784-9672;0000-0001-7628-7552;0000-0002-2577-717X;0000-0003-2920-5248;0000-0002-6659-5014;0000-0003-1198-6242;0000-0001-6245-3142;0000-0001-7669-6268,,0000-0002-7724-3540
024-83407824232,"(en) - IONHE - Ionising Radiation, Health and Environment,(es) - IONHE - Ionising Radiation, Health and Environment,(ca) - IONHE - Ionising Radiation, Health and Environment",IONHE,https://futur.upc.edu/DRM,IONHE,01/01/2015,2021SGR0607,"Duch Guillen, Maria Amor","Camp Brunes, Anna;Caner Baskurt, Ferhun Cem;Curcoll Masanes, Roger;Sempau Roma, Josep;Vargas Drechsler, Arturo;Roig Costa, Maria;Grossi, Claudia;Ginjaume Egido, Merce",,"Martinez Rovira, Immaculada;Domingo Miralles, Carles;Rodriguez Climent, Eva;Campoy Ordaz, Anna;Gaug, Markus",Universitat Politècnica de Catalunya,024-83407824232,27/09/2023,0000-0002-1560-1576,0000-0002-4736-5598;0000-0002-6448-0942;0000-0002-8025-673X;0000-0002-2754-7685;0000-0002-2576-9671;0000-0002-5066-1670;0000-0001-6678-4440;0000-0002-6767-2624,,
024-39149259119,"(ca) - SPCOM - Processament del Senyal i Comunicacions,(es) - SPCOM - Procesado de la Se?al y Comunicaciones,(en) - SPCOM - Signal Processing and Communications",SPCOM,http://spcom.upc.edu,SPCOM,22/07/2004,2021SGR1033,"Muñoz Medina, Olga","Vidal Manzano, Jose;Riba Sagarra, Jaume;Rodriguez Fonollosa, Javier;Cocco, Giuseppe;Vazquez Grau, Gregorio;Cabrera Bean, Margarita Asuncion;Pascual Iserte, Antonio;Pages Zamora, Alba Maria;Najar Marton, Montserrat;Marti Espelt, Aniol;Vila Insa, Marc;Rey Micolau, Francesc;Sala Alvarez, Jose;Lamarca Orozco, M. Meritxell;Villares Piera, Nemesio Javier",,"Ochonu, Regina;Lopez Molina, Carlos Alejandro;Boukrab Kajdad, Rachid;Perez Guijarro, Jordi",Universitat Politècnica de Catalunya,024-39149259119,24/04/2024,0000-0002-8739-7068,0000-0002-1985-2065;0000-0002-5515-8169;0000-0002-0136-2586;0000-0003-1720-8986;0000-0002-3007-6247;0000-0001-9058-3825;0000-0001-5596-2029;0000-0002-7087-7014;0000-0003-3507-5689;0000-0002-5600-8541;0000-0002-7032-1411;0000-0003-3615-7627;0000-0002-6879-1991;0000-0002-8067-6435;0000-0001-5701-9819,,
041-URL-GRFILCATEC,(ca) - Filosofia i Cultura (FILOCULTURA),,https://www.filosofia.url.edu/recerca/grups-de-recerca/filosofia-i-cultura,FILCATEC,01/01/2017,,"Pego Puigbo, Armando Jesus","Garcia del Muro Solans, Joan;Llinàs Puente, Carlos;Coll-Vinent Puig, Silvia;Martinez Porcell, Joan Baptista;Cabo Rodriguez, Juan;Roviró Alemany, Ignasi;Bosch Veciana, Antoni",,"Ramon Fuentes, Miquel;Vicens Folgueira, Joan Albert",Universitat Ramon Llull,041-URL-GRFILCATEC,08/02/2024,0000-0002-9554-8671,0000-0002-0513-1419;0000-0002-4648-0391;0000-0001-7562-0667;0000-0002-8492-3034;0000-0003-2277-1810;0000-0001-9232-5213;0000-0001-6883-5571,,
08070763-gr556,(un) - NEUROCIRURGIA,,http://www.recercasantpau.cat/en/group/neurosurgery/,A3-14,03/12/2010,,"Muñoz Hernandez, Fernando","Rodriguez Rodriguez, Rodrigo;Patino Alvarado, Juan Diego;De Quintana Schmidt, Cristian Jose;Freixer Palau, Berta;Borràs Hernández, Xavier;Aibar Duran, Juan Angel;Leidinger, Andreas",,,Institut de Recerca Hospital de Sant Pau – IIB Sant Pau,08070763-gr556,27/09/2023,0000-0002-5827-0519,0000-0003-2905-4179;0000-0003-1589-7183;0000-0001-7825-4623;0000-0001-5858-2697;0000-0003-3972-1385;0000-0001-5436-6057;0000-0002-1553-4414,,
024-77468095427,"(en) - inSSIDE - integrated Software, Services, Information and Data Engineering,(ca) - inSSIDE - integrated Software, Services, Information and Data Engineering,(es) - inSSIDE - integrated Software, Services, Information and Data Engineering",inSSIDE,https://insside.upc.edu/en,inSSIDE,22/07/2004,2021SGR1531,"Abello Gamazo, Alberto","Nogueira Lobo de Carvalho, Marcos;Ayala Martinez, Claudia Patricia;Queralt Calafat, Anna;Koci, Rediana;Farre Tost, Carles;Quer Bosor, Maria Carme;Bilalli, Besim;Martinez Fernandez, Silverio Juan;Jovanovic, Petar;Gomez Seoane, Cristina;Oriol Hilari, Marc;Biesialska, Katarzyna Zofia;Romero Moral, Oscar;Motger de la Encarnacion, Joaquim;Marco Gomez, Jordi;Njoku, Uchechukwu Fortune;Flores Herrera, Javier de Jesus;Nadal Francesch, Sergi;Manzano Aguilar, Marti;Costal Costa, Maria Dolors;Rahman, Md Ataur;Burgues Illa, Xavier;Akter, Yeasmin Ara",,"Martinez Martinez, Matias-Sebastian",Universitat Politècnica de Catalunya,024-77468095427,27/09/2023,0000-0002-3223-2186,0000-0001-7015-9517;0000-0002-6262-3698;0000-0003-2782-2955;0000-0003-3367-950X;0000-0001-5814-3782;0000-0002-9000-6371;0000-0002-0575-2389;0000-0001-9928-133X;0000-0003-4635-6646;0000-0002-3872-0439;0000-0003-1928-7024;0000-0002-2865-7990;0000-0001-6350-8328;0000-0002-4896-7515;0000-0002-0078-7929;0000-0002-2599-9645;0000-0002-2998-9962;0000-0002-8565-952X;0000-0001-7944-7232;0000-0002-7340-0414;0000-0002-9092-8771;0000-0001-6974-9886;0000-0002-9865-0700,,
G60805462-gr347,(un) - CdSM Maresme Health Consortium,,,CSdM,01/09/2014,,"Clavé, Pere","Ortega, Omar;Cabib, Christopher;Tomsen, Noemí;Boixeda, R;Rofes, Laia;Arreola, Viridiana;Mundet, Lluis",,"de la Torre, Maria;Ortega Castillo, Maria Pilar;Muriana, Desiree;Palomeras, Ernest;Juanola Pla, Jordi",Institut de Recerca Germans Trias i Pujol,G60805462-gr347,11/07/2023,0000-0002-0696-8560,0000-0001-6178-3748;0000-0002-1876-6923;0000-0001-7149-7948;0000-0002-5330-9971;0000-0002-1628-5253;0000-0003-3913-317X;0000-0001-9091-8998,,
17015281-gr298,(un) - Neurodegeneració i Neuroinflamació,,,IDIBGI_UNIEM,01/01/2007,,"Ramio Torrenta, Lluís","Coll Martinez, Clàudia;Cots Foraster, Anna;Quiroga Varela, Anna;Pericot Nierga, Immaculada;Gich Fullà, Jordi;Fàbregas Casas, Laura;Salavedra Pont, Judit;Merchan Ruíz, Miquel;Huertas Pons, Joana Maria;Robles Cedeño, René Roberto;Vivas Villacampa, Lilian;Miguela Benavides, Albert;Alemany Perna, Berta;Turon Estrada, Antoni;Álvarez Bravo, Gary",,,Institut d’Investigació Biomèdica de Girona Dr. Josep Trueta,17015281-gr298,29/11/2023,0000-0002-6999-1004,0000-0003-2927-4008;0000-0002-9169-7653;0000-0003-1989-7113;0000-0003-0621-4264;0000-0003-1703-6934;0000-0002-1785-2176;0000-0002-8989-0497;0000-0002-1115-8132;0000-0001-5828-944X;0000-0003-3065-1077;0000-0002-4717-3158;0000-0002-3577-874X;0000-0002-9045-190X;0000-0003-3784-7435;0000-0003-0342-0177,,
08071147-13863,(en) - Ultracold Quantum Gases,,,13863,,,,"Tarruell, Leticia;Rubio Abadal, Antonio;Pérez Barrera, Ana;Fontana, Pierpaolo;Iacovelli, Claudio;Ramos, Ramón;Chisholm, Craig;Buob, Sandra;D'Andrea, Martina;Makhalov, Vasiliy;Bergmann, Julia;Hirthe, Sarah;Mou, Sen",,,Fundació Institut de Ciències Fotòniques,08071147-13863,27/05/2023,,0000-0002-0564-1435;0000-0001-9887-132X;0000-0003-2725-2243;0000-0002-8549-311X;0000-0003-0133-0098;0000-0002-8591-0294;0000-0002-5599-0158;0000-0003-4067-7502;0000-0002-2141-9850;0000-0001-7444-7567;0000-0001-9901-7854;0000-0001-8725-385X;0000-0002-6872-9389,,
08070672-71,(ca) - Grup de recerca en biologia de les cèl·lules B,BcB,https://www.imim.cat/programesrecerca/inflamacio/bcellbiology.html,71,,,,"Filipska, Martyna;Magri-, Giuliana;Guzman-, Mauricio",,,Institut Hospital del Mar d'Investigacions Mèdiques,08070672-71,27/05/2023,,0000-0001-9947-4561;0000-0002-0163-3542;0000-0002-4447-2064,,
042-URV-GR659,(ca) - GRUP DE RECERCA EN ONCOLOGÍA,,,659,01/01/2017,2017SGR0628,"Gumà, J.",,,,Universitat Rovira i Virgili,042-URV-GR659,13/05/2022,,,,
G60805462-gr394,(un) - Epigenetic Control of Haematopoiosis,,,45,01/01/2000,,"Sardina Ortega, José Luis",,,,Institut de Recerca Germans Trias i Pujol,G60805462-gr394,16/02/2023,0000-0002-8493-3937,,,
024-88068445408,"(ca) - ANTENNALAB - Grup d'Antenes i Sistemes Radio,(es) - ANTENNALAB - Grupo de Antenas y Sistemas Radio,(en) - ANTENNALAB - Antennas and Wireless Systems Laboratory",ANTENNALAB,http://www.tsc.upc.edu/antennalab/,ANTENNALAB,22/07/2004,,"Jofre Roca, Luis","Heldring, Alexander;Elias Fuste, Antonio;Blanch Boris, Sebastian;Rius Casals, Juan-Manuel;Ubeda Farre, Eduardo;Romeu Robert, Jordi",,,Universitat Politècnica de Catalunya,024-88068445408,11/07/2023,0000-0002-0547-901X,0000-0003-2011-2096;0000-0001-6449-4458;0000-0002-8757-583X;0000-0003-0606-5422;0000-0001-6759-0445;0000-0003-0197-5961,,
004-UB-GR005860,(ca) - Càncer de la Dona,,,005860,01/01/2022,2021SGR1098,"Rodriguez Barrueco, Ruth","Olivan Riera, Mireia;Espinet Hernandez, Elisa Maria",,"Llobet, Francisco Javier;Pernas Simon, Sonia;Gil Martin, Marta;Villanueva, Rafael;Llobet, David;Migó Arán, Júlia;Devis Jauregui, Laura;Plata, Laura;Bonilla Amadeo, Ricard;Gassner, Katja;Dorca Duch, Eduard",Universitat de Barcelona,004-UB-GR005860,27/05/2023,0000-0003-4925-8865,0000-0002-8464-0827;0000-0002-0690-9878,,
G65454308-49304772875,(un) - Stem Cells and Cancer,,www.carrerasresearch.org,GRU2000071,01/11/2020,2017SGR0135,"Bigas Salvans, Anna",,,"García Hernández, Violeta;Kartha, Gayathri Madhusudhanan;Iglesias Piqueras, Arnau;Gonzalez Miranda, Jessica;Arambilet Morilla, David",Institut de Recerca Contra la Leucèmia Josep Carreras,G65454308-49304772875,29/11/2023,0000-0003-4801-6899,,,
004-UB-GR005818,(ca) - Grup d'Estudis d'Història de la Geografia i la Cartografia (GEHGEC),,http://www.ub.edu/gehc,005818,27/04/2023,2021SGR0241,"Nadal Pique, Francesc","Font Casaseca, Nuria;Benach Rovira, Nuria",,"Villanova Rivero, Jose Luis;Cearreta Innocenti, Tania;Ariño Asensi, Míriam;Segura Beltran, Francesca;Polo Martin, Barbara;Burgueño Rivero, Jesus;Pujades Bataller, Ramon Josep;Montaner Garcia, Mªcarmen",Universitat de Barcelona,004-UB-GR005818,11/07/2023,0000-0001-9777-5336,0000-0001-7695-2778;0000-0003-4775-1701,,0000-0002-6914-9028
041-URL-GRGRESCREP,(ca) - Grup de Recerca en Estratègia i Creativitat en Publicitat i Relacions Públiques (GRECPRP),,https://www.blanquerna.edu/ca/fcc/recerca/estrategia-i-creativitat-en-publicitat-i-relacions-publiqu,GRESCREP,01/01/2017,,"Rom Rodriguez, Josep Antoni","Miotto, Giorgia;Santana López, Eva;Polo, Marc;Vidal Portés, Eduard;Cuenca Fontbona, Joan;Vilajoana Alejandre, Sandra;Fondevila Gascon, Joan Francesc",,"Ordeix Rigo, Enric;Martorell Castellano, Cristina;Matilla Serrano, Kathy;Serra Folch, Carolina;Botey Lopez, Jordi;Suriñach Carandell, Nina Alexandra",Universitat Ramon Llull,041-URL-GRGRESCREP,29/11/2023,0000-0002-4910-2169,0000-0002-0973-6597;0000-0002-5872-7494;0000-0002-8729-4325;0000-0001-9601-2222;0000-0001-5807-9442;0000-0001-6231-1021;0000-0002-6587-939X,,0000-0001-6403-3387;0000-0001-9448-0356
004-UB-GR005746,(ca) - MATERIALS PER L'ENGINYERIA DE SUPERFICIES,,http://www.cptub.com,005746,27/04/2023,2021SGR0712,"Garcia Cano, Irene","Sarret Pons, Maria;Andreu Arbella, Teresa;Albaladejo Fuentes, Vicente;Garrido Domínguez, Beatriz",,"Vaz, Rodolpho Fernando;Salazar Forn, Nuria;Garcia Corral, Ziortza;Alarcón Avellán, Andreina Alexandra;El Moussaoui, Mohamed Amazian;Bartomeu Sancho, Joan;Silvello, Alessio;Suresh Kumar, Nikita Shukla;Torres Diaz, Edwin;Pérez Rustarazo, Víctor;Rua Ramirez, Edwin Blasnilo;Gomez Villanueva, Victor;Molera Janer, Marti;Garfias Bulnes, Andrea;Garcia Cadme, Raisha Lorena;Nadal Garcia, Antonio;Sanchez Molino, Francesc Xavier;Fernandez Gonzalez, Javier",Universitat de Barcelona,004-UB-GR005746,29/11/2023,0000-0003-4947-5675,0000-0003-4126-7142;0000-0002-2804-4545;0000-0002-1886-9615;0000-0002-3011-8953,,0000-0002-9395-5433
G64045719-13949,(en) - Biomedical Signal Processing and Interpretation,,,13949,,,,"Torres Cebrián, Abel;Romero Pérez, Daniel;Blanco Almazán, Dolores;Rojas Martinez, Monica Marlene;Giraldo Giraldo, Beatriz Fabiola;Castillo Escario, Yolanda;Fiz Fernández, José Antonio;Jané, Raimon;Sola Soler, Jordi",,,Institut de Bioenginyeria de Catalunya,G64045719-13949,11/07/2023,,0000-0003-2678-1303;0000-0001-5269-9667;0000-0002-8532-5394;0000-0002-9971-3566;0000-0002-9910-8577;0000-0002-7493-1268;0000-0002-7044-9714;0000-0002-6541-8729;0000-0002-9904-6062,,
039-ORLA,"(en) - Research Observatory on the Relations with Latin America,(es) - Observatorio de Investigación sobre las Relaciones con América Latina,(ca) - Observatori de Recerca sobre les Relacions amb Amèrica Llatina",,http://www.orla.upf.edu/,ORLA,02/02/2005,,,"Elvira Benito, Oscar;Murillo Fort, Carles",,,Universitat Pompeu Fabra,039-ORLA,29/11/2023,,0000-0001-6344-2234;0000-0002-5599-0895,,
G59319681-6071,(en) - Malalties autoimmunes sistèmiques,,,6071,,,"Cervera Segura, Ricard","Sabater Cruz, Noelia;Fernández Codina, Andreu;Coloma Bazan, Emmanuel;Lledó Ibáñez, Gema Maria;Mascaro Galy, Jose Manuel;Ramos Casals, Manuel;Casaroli Marano, Ricardo Pedro;Caballero Borrego, Miguel;Espinosa Garriga, Gerard;Pelegrín Colás, Laura;Gomez Caverzashi, Verónica",,,Fundació de Recerca Clínic Barcelona-Institut d'Investigacions Biomèdiques August Pi i Sunyer,G59319681-6071,27/05/2023,0000-0001-6085-492X,0000-0003-3700-602X;0000-0001-7939-7837;0000-0003-2715-3253;0000-0002-0425-6519;0000-0001-9327-2555;0000-0001-5709-6734;0000-0003-1812-9323;0000-0002-6105-3750;0000-0003-1336-0163;0000-0003-2861-5173;0000-0001-5242-6925,,
024-95768261590,"(es) - CPSV (CER) - Centro de Politica de Suelo y Valoraciones (CER),(ca) - CPSV (CER) - Centre de Politica de Sol i Valoracions (CER),(en) - CPSV (CER) - Centre of Land Policy and Valuations (CER)",CPSV (CER),https://cpsv.upc.edu,CPSV (CER),23/09/2009,,"Martinez Santafe, Maria Dolors","Arellano Ramos, Blanca Esmaragda;Biere Arenas, Rolando Mauricio;De Mesa Gisbert, Andres;Roca Cladera, Jose Nicasio",,"Gauthier Amigo, Alexandre",Universitat Politècnica de Catalunya,024-95768261590,24/03/2023,0000-0001-8200-183X,0000-0001-7128-3667;0000-0003-1872-7104;0000-0002-1235-9905;0000-0003-3970-6505,,
043-UDG-GRGRHCS052,(ca) - Psicologia de la Salut,,https://www.udg.edu/psicologiasalut,GRHCS052,26/11/2001,,"Planes Pedra, Montserrat","Cunill Olivas, Monica;Patiño Maso, Josefina;Aymerich Andreu, Maria;Font Mayolas, Sílvia;Mayoral Rodriguez, Silvia;Gras Perez, Maria Eugenia;Calvo Garcia, Francisco",,"Salamo Avellaneda, Anna;Timoneda Gallart, Maria Carme;Fabregas Casas, Laura;Hernandez Serrano, Olga;Pares Bayerri, Alicia;Vidal Mir, Cristina;Soto Mora, Josefa;Cebrian Fernandez, Natalia;Prat Genis, Francesc Xavier;Grau Martin, Armando Jesus;Ballester Coma, Laura;Gomez Lima, Ana Belen",Universitat de Girona,043-UDG-GRGRHCS052,27/05/2023,0000-0003-1451-7759,0000-0002-1214-7339;0000-0002-2322-2437;0000-0002-5808-7757;0000-0002-4216-3604;0000-0003-0468-0093;0000-0003-4765-0871;0000-0002-0300-8548,,0000-0002-1838-5557;0000-0003-2954-6069;0000-0002-4892-7003
58863317-gr300,(un) - Hematopoyetic and lymphoid tumors,,https://idibell.cat/en/research/cancer-area/molecular-mechanisms-and-experimental-therapy-in-oncology-program-oncobell/hematopoyetic-and-lymphoid-tumors/,111,01/01/2004,,"Sureda Balari, Ana Maria","Patiño Gutierrez, Beatriz;Domingo Domenech, Eva;Gonzalez Barca, Eva;Mussetti, Alberto;Servitje Bedate, Octavio;Mercadal Vilchez, Santiago;Oliveira Ramos, Anna Carla;Maluquer Artigal, Clara;Parody Porras, Rocio",,"Cano Olivar, Sergio;Blazevic Limone, Damir Emanuel;Kara, Meriem;Marin Monerris, Maria Cristina;Vilas, Maria Cecilia;Arnan Sangerman, Montserrat;Clapes Puig, Victoria;Espinosa Leiva, Miriam;Mansilla Suarez, Monica;Boque Genovart, Concepcion;González Rodríguez, Sonia;Ratia Garcia, Miriam",Institut d'Investigació Biomèdica de Bellvitge,58863317-gr300,16/02/2023,0000-0002-1238-6970,0000-0002-5519-3888;0000-0001-8907-090X;0000-0002-1323-1508;0000-0002-4088-036X;0000-0002-9910-9617;0000-0003-4741-7885;0000-0002-1543-7243;0000-0002-1278-6413;0000-0003-0375-7570,,
004-UB-GR005711,"(ca) - Grup d'Estudis sobre Cultura i Dominació, GECID",,,"005711,000506",01/01/2022,2021SGR1135,"Delgado Ruiz, Manuel","Dusabe Mujawabera, Firmin;Prat Corominas, Joan;Sansi Roca, Roger;Nerin Abad, Gustau;Campoy Guerrero, Carmen Soledad;Roca Alvarez, Alberto C.;Marrero Guillamon, Isaac;Lopez Bargados, Alberto;Horta Calleja, Gerard;Tejero Vidal, Lorena Lourdes;Martinez Rodriguez, Laura;Salazar Carrasco, Carles;Uribe Vilarrodona, Juan;Venturas Nieto, Montserrat",Universitat de Barcelona,"Tomas Guilera, Jordi;Martín López, Sarai;Farre Ventura, Albert;Grûnig Iribarren, Silvia;Ramio Jofre, Anna;Pascual Pérez, Oriol;Torres Penella, Carmen;Contijoch Torres, Marta","Universitat de Barcelona,Universitat de Lleida","004-UB-GR005711,044-UDL-GR000506",27/09/2023,0000-0002-1208-8850,0000-0002-7650-5238;0000-0002-6101-9181;0000-0001-7084-9243;0000-0001-8024-9356;0000-0002-2052-5424;0000-0002-4101-1457;0000-0002-7888-3769;0000-0003-4047-6671;0000-0001-7139-3890;0000-0003-0841-223X;0000-0002-1300-249X;0000-0002-8476-9620;0000-0002-7167-1472;0000-0003-2733-2390,,0000-0002-2727-5659;0000-0002-8424-0954
022-c03cd272-0238-4461-b177-a5fa363edcaa,"(ca) - Mitochondrial Neuropathology,(en) - Mitochondrial Neuropathology,(es) - Mitochondrial Neuropathology",,,c03cd272-0238-4461-b177-a5fa363edcaa,01/01/2017,2017SGR0323,"Quintana Romero, Albert","Gella Concustell, Alejandro;Sanz Iglesias, Elisenda;Urpi Badell, Andrea",,,Universitat Autònoma de Barcelona,022-c03cd272-0238-4461-b177-a5fa363edcaa,28/11/2022,0000-0003-1674-7160,0000-0002-3983-1392;0000-0002-7932-8556;0000-0002-2437-7094,,
024-13778335243,"(ca) - CATMech - Centre Avancat de Tecnologies Mecaniques,(es) - CATMech - Centro Avanzado de Tecnologias Mecanicas,(en) - CATMech - Centre for Advanced Technologies in Mechanics",CATMech,https://catmech.upc.edu/home,CATMech,11/11/2020,2021SGR0604,"Casals Terre, Jasmina","Jimenez Diaz, Santiago;Lopez Martinez, Joan Antoni;Pamies Gomez, Teresa;Bergada Granyo, Josep Maria;Drougkas, Anastasios;Alvarez del Castillo, Javier;Freire Venegas, Francisco Javier;Fakhraei, Javad;Karimi, Shadi;Ortiz Marzo, Jose Antonio;Clot Razquin, Arnau;Mendizabal Dinucci, Virginia Dolores;Farre Llados, Josep;Raush Alviach, Gustavo Adolfo;Arcos Villamarin, Robert;Rio Cano, Carlos;Martinez Gonzalez, Eva;Comas Amengual, Angel;Liravi, Hassan;Balastegui Manso, Andreu;Martinez Martinez, Borja",,"Mercedes Cede?o., Luis Enrique;Bonastre Marti, Jaime",Universitat Politècnica de Catalunya,024-13778335243,27/09/2023,0000-0002-1368-3950,0000-0002-6040-2701;0000-0002-0082-9770;0000-0002-2994-9872;0000-0003-1787-7960;0000-0002-8647-9993;0000-0002-6428-8467;0000-0002-8822-7300;0000-0001-6380-9307;0000-0002-6701-4285;0000-0002-3633-1368;0000-0001-5805-2792;0000-0003-0919-801X;0000-0001-5909-0176;0000-0002-9730-5091;0000-0001-6805-7482;0000-0002-5408-3740;0000-0002-9842-712X;0000-0002-7882-1621;0000-0002-2890-5165;0000-0003-4516-5469;0000-0002-4398-1983,,
004-UB-GR005396,(ca) - RealTIC (Recerca en ensenyament i aprenentatge de llengües amb tecnologies de la informació i la comunicació),,,5396,01/01/2017,2017SGR1446,"Pujolà Font, Joan Tomàs","Zanatta, Anna Marie;Suárez Vilagran, Maria del Mar;Batlle Rodriguez, Jaume;Espejel Nonell, Olivia;Gonzalez Arguello, Maria Vicenta",,"Llobera Canaves, Miquel;Appel, Marie Christine;Montmany Molina, Begoña",Universitat de Barcelona,004-UB-GR005396,25/11/2021,,,,
039-CIBS,"(ca) - Grup de Recerca Dynamical Systems Biology,(es) - Grupo de Investigación Dynamical Systems Biology,(en) - Dynamical Systems Biology Research Group",,https://www.upf.edu/web/dsb,CIBS,04/02/2015,,,"Garcia Ojalvo, Jordi",,,Universitat Pompeu Fabra,039-CIBS,24/04/2024,,0000-0002-3716-7520,,
054-08352716750,(ca) - Dimmon EdTech,DimmonEdTech,,113,17/04/2023,2021SGR1383,,"Senabre Hidalgo, Enric;Malpica Lander, Claudia;Conesa Caralt, Jordi;Caballé Llobet, Santi;Espelt Rodrigo, Ricard",,,Universitat Oberta de Catalunya,054-08352716750,24/04/2024,,0000-0002-6169-6676;0000-0003-0991-6683;0000-0001-6481-3324;0000-0002-2490-6830;0000-0002-3724-2084,,
024-28347340390,"(en) - EXPLORATORI - EXPLORATORI Natural Resources,(ca) - EXPLORATORI - EXPLORATORI dels Recursos de la Natura,(es) - EXPLORATORI - EXPLORATORI de los Recursos de la Naturaleza",EXPLORATORI,https://exploratori.org/,EXPLORATORI,01/01/2015,,"Grau Vilalta, Maria Dolors","Cunill Sola, Jordi",,,Universitat Politècnica de Catalunya,024-28347340390,27/11/2024,0000-0003-3509-8813,0000-0003-1346-4915,,
039-MACROECONO,"(es) - Grupo de Investigación en Macroeconomía Aplicada y Métodos Cuantitativos,(en) - Applied Macroeconomics and Quantitative Methods Research Group,(ca) - Grup de Recerca en Macroeconomia Aplicada i Mètodes Quantitatius",,https://www.upf.edu/web/econ,MACROECONO,14/12/2005,2017SGR0616,,"Petrova, Maria;Caggese, Andrea;Pascali, Luigi;Cuadras Morató, Xavier;Baley, Isaac;García-Milà Lloveras, Teresa;Leon Ciliotta, Gianmarco;Di Giovanni, Julian;Jeenas, Priit;Debortoli, Davide;Enikolopov, Ruben;Evdokimov, Kirill;Fons Rosen, Christian;Mestieri Ferrer, Marti;García Montalvo, José;Reynal Querol, Marta;Rossi, Barbara;Durante, Rubén;Monras Oliu, Joan;Glitz, Albrecht;Ciccone, Antonio;Garcia Santana, Manuel Jose;Tarozzi, Alessandro",,,Universitat Pompeu Fabra,039-MACROECONO,27/05/2023,,0000-0001-7625-5286;0000-0003-4123-1190;0000-0003-0486-495X;0000-0002-7420-0334;0000-0003-2741-4767;0000-0003-4268-8571;0000-0002-9738-8050;0000-0002-6864-6401;0000-0001-8046-7265;0000-0001-8012-1790;0000-0001-9733-7694;0000-0002-0292-3568;0000-0003-2620-7205;0000-0002-6457-7998;0000-0003-4161-5055;0000-0002-0293-5446;0000-0002-0410-0493;0000-0003-2833-0063;0000-0002-0764-9094;0000-0002-7324-6082;0000-0002-3012-3824;0000-0003-2634-9473;0000-0002-8374-2856,,
08070817-Colour in Context,(ca) - Colour in Context,CIC,,grup3,,,"Vanrell Martorell, Maria Isabel",,,,Centre de Visió per Computador,08070817-Colour in Context,29/11/2023,0000-0002-1567-9293,,,
043-UDG-GRGRCT0056,(ca) - Enginyeria Agrària,,https://www.udg.edu/ca/grupsrecerca/egr,GRCT0056,26/11/2001,,"Ramirez de Cartagena Bisbe, Francisco","Bosch Puig, Lluis;Puig i Bargués, Jaume;Cufí Aregay, Sílvia;Pinsach Boada, Jaume;Arbat Pujolras, Gerard;Duran Ros, Miquel;Pujol Planella, Joan",,"Puigvert Colomer, Xavier",Universitat de Girona,043-UDG-GRGRCT0056,24/03/2023,0000-0001-8844-7461,0000-0002-5544-7905;0000-0002-6712-269X;0000-0001-9921-6714;0000-0003-3328-5877;0000-0003-2192-0781;0000-0002-3286-8811;0000-0002-5666-3087,,
039-PHYSENSE,"(es) - Grupo de Investigación: Sensing in Physiology & Biomedicine,(en) - Research Group PhySense: Sensing in Physiology & Biomedicine,(ca) - Grup de Recerca PhySense: Sensing in Physiology & Biomedicine",,https://www.upf.edu/web/physense,PHYSENSE,09/05/2012,,,"Andrzejak, Ralph Gregor;Mill Tena, Jordi;Cámara Rey, Óscar",,,Universitat Pompeu Fabra,039-PHYSENSE,24/03/2023,,0000-0002-7400-2098;0000-0003-0087-7489;0000-0002-5125-6132,,
004-UB-GR005780,(ca) - Meteorologia,,,005780,27/04/2023,2021SGR1074,"Llasat Botija, Maria del Carmen","Molina Bosch, Tomas Manel;Sola Salvatierra, Yolanda;Bech Rustullet, Joan;Marcos Matamoros, Raul;Codina Sanchez, Bernat;Blade Mendoza, Ileana;Udina Sistach, Mireia;García Serrano, Javier",,"Volpi, Danila;Peinó Calero, Eric;Rodrigo Sánchez, Mario;Santolaria Otín, María;Llasat Botija, M. Montserrat;Esbri Corbella, Laura;Pardo Lozano, Erika Alexandra",Universitat de Barcelona,004-UB-GR005780,27/05/2023,0000-0001-8720-4193,0000-0001-8127-6401;0000-0002-8693-9152;0000-0003-3597-7439;0000-0002-3610-3445;0000-0002-4854-2349;0000-0003-1842-1711;0000-0002-8024-3293;0000-0003-3913-0876,,0000-0003-4381-4875
G63971451-13701,(en) - Functional Genomics,,,13701,,,,"Pons Ximénez, José Ignacio;de Oliveira Monteiro, Freddy Miguel;Fernández Rojas, David",,,Institut de Recerca Biomèdica de Barcelona,G63971451-13701,28/11/2022,,0000-0002-1454-4178;0000-0002-9080-6715;0000-0002-8909-1273,,
58863317-gr304,(un) - Breast cancer,,https://idibell.cat/en/research/cancer-area/molecular-mechanisms-and-experimental-therapy-in-oncology-program-oncobell/breast-cancer/,115,01/01/2009,,"Genestar Pujana, Miguel Angel","Gil Gil, Juan Miguel;Falo Zamora, Catalina;Petit Montserrat, Anna;Francesca Mateo González;Pardo Cea, Miguel Angel;Pernas Simón, Sonia;Shabbir, Arzoo;Antolin Hernandez, Albert;Pla Farnós, María Jesús;Espin Garcia, Roderic;Garcia Tejedor, Maria Amparo;Manen Freixa, Leticia",,,Institut d'Investigació Biomèdica de Bellvitge,58863317-gr304,11/07/2023,0000-0003-3222-4044,0000-0003-1380-2718;0000-0002-5714-6823;0000-0002-9284-095X;0000-0002-2342-7010;0000-0003-4823-6613;0000-0002-1485-5080;0000-0002-2515-1919;0000-0002-1634-9034;0000-0001-7119-4031;0000-0003-2494-0964;0000-0003-3398-0570;0000-0001-7077-7657,,
024-74502565701,"(ca) - LACAN - Metodes Numerics en Ciencies Aplicades i Enginyeria,(en) - LACAN - Numerical Methods for Applied Sciences and Engineering,(es) - LACAN - Metodos Numericos en Ciencias Aplicadas e Ingenieria",LACAN - UPC,http://www.lacan.upc.edu/,LACAN - UPC,22/07/2004,2021SGR1049,"Diez Mejia, Pedro","Huerta Cerezuela, Antonio;Pares Marine, Nuria;Arroyo Balaguer, Marino;Sarrate Ramos, Jose;Fernandez Mendez, Sonia;Arias Vicente, Irene;Villardi de Montlaur, Adeline de;Giacomini, Matteo;Rodriguez Ferran, Antonio;Muñoz Romero, Jose Javier;Poblet Puig, Jordi;Garcia Gonzalez, Alberto;Saez Viñas, Pablo;Mirza, Waleed Ahmad;Zlotnik Martinez, Sergio",,"Catasus i Llena, Oriol",Universitat Politècnica de Catalunya,024-74502565701,27/09/2023,0000-0001-6464-6407,0000-0003-4198-3798;0000-0002-2914-9904;0000-0003-1647-940X;0000-0003-0182-934X;0000-0002-9305-7684;0000-0002-6761-3499;0000-0002-0243-668X;0000-0001-6094-5944;0000-0002-9680-6046;0000-0002-0083-3673;0000-0002-8727-6530;0000-0003-2841-016X;0000-0002-9253-0417;0000-0002-5197-1371;0000-0001-9674-8950,,
054-31979101585,(ca) - Laboratori de Transformació Urbana i Canvi Global,TURBA Lab,https://turbain3.wordpress.com/,45,14/10/2010,2021SGR0975,"Ribera Fumaz, Ramon","Colacios Parra, Raquel;Serrano Balaguer, Ivan;March Corbella, Hug;Ruiz Mallen, Isabel",,,Universitat Oberta de Catalunya,054-31979101585,11/07/2023,0000-0003-3404-6309,0000-0002-5525-6180;0000-0002-9781-3096;0000-0003-2549-0803;0000-0002-9679-3329,,
024-96440378826,"(en) - GCEM - Electromagnetic Compatibility Group,(ca) - GCEM - Grup de Compatibilitat Electromagnetica,(es) - GCEM - Grupo de Compatibilidad Electromagnetica",GCEM,http://www.upc.edu/web/gcem,GCEM,23/09/2009,,"Silva Martinez, Fernando","Azpurua Auyanet, Marco Aurelio;Quilez Figuerola, Marcos;Riu Costa, Pere Joan;Fernandez Chimeno, Mireya",,"Aragon Homar, Marc",Universitat Politècnica de Catalunya,024-96440378826,16/02/2023,0000-0003-3019-3993,0000-0001-8078-5116;0000-0003-1698-2929;0000-0003-0477-1972;0000-0001-8384-1320,,
043-UDG-GRGRHCS104,(ca) - Grup de Recerca en Ciència Política,,https://www.udg.edu/ca/grupsrecerca/GRCP,GRHCS104,09/02/2011,,"Marti Puig, Salvador","Rovira Sancho, Guiomar;Ubasart Gonzalez, Gemma;Martin Alvarez, Alberto;Serra i Serra, Macià;Varo Barranco, Anais;Rodriguez Suarez, Daniel;Malo Larrea, Antonio Jose",,"Bagué Tova, Edurne;Rivadeneira Herrera, Maria Ines;Montesdeoca Perez, Jorge Antonio;Diallo Diallo, Mamadou Aliou;Sribman Mittelman, Ariel David;Giménez Azagra, Ferran",Universitat de Girona,043-UDG-GRGRHCS104,27/09/2023,0000-0002-4464-4452,0000-0002-4046-3531;0000-0002-2957-0766;0000-0002-2492-932X;0000-0003-4158-042X;0000-0002-6577-1549;0000-0002-2693-8879;0000-0002-2796-0736,,
G64384969-gr296,(un) - Biomarcadores Tumorales,,,004,01/01/1980,,"Villanueva Cardus, Josep",,,"Meo-Evoli, Nathalie;Pujals Pruneda, Mireia;Duran Serrano, Juan Manuel;Pares Guerrero, Mireia;Mendez Fernandez, Olga;Emperador Melero, Marta;Robles Guirado, Jose Angel;Bellio, Chiara",Fundació Institut d’Investigació Oncològica Vall d’Hebron,G64384969-gr296,29/11/2023,0000-0003-1396-9470,,,0000-0002-7654-7446
024-73855074123,"(ca) - HIPICS - Grupo de Circuitos y Sistemas Integrados de Altas Prestaciones,(es) - HIPICS - Grupo de Circuitos y Sistemas Integrados de Altas Prestaciones,(en) - HIPICS - High Performance Integrated Circuits and Systems",HIPICS,http://hipics.upc.edu/,HIPICS,22/07/2004,,"Rubio Sola, Jose Antonio","Moll Echeto, Francesc de Borja;Gomez Fernandez, Sergio;Mateo Peña, Diego Cesar;Calomarde Palomino, Antonio;Aragones Cervera, Xavier;Altet Sanahujes, Josep",,,Universitat Politècnica de Catalunya,024-73855074123,08/02/2024,0000-0003-1625-1472,0000-0002-1290-3253;0000-0002-3064-9834;0000-0001-5996-9092;0000-0002-4459-8505;0000-0003-1352-8675;0000-0002-6939-6475,,
043-UDG-GR001087,"(ca) - Literary Traditions and Texts of the Early Modern Age: Italian, Iberian and Transatlantic Networks (LT&T),(es) - Literary Traditions and Texts of the Early Modern Age: Italian, Iberian and Transatlantic Networks LT&T,(ca) - Literary Traditions and Texts of the Early Modern Age: Italian, Iberian and Transatlantic Networks LT&T,(en) - Literary Traditions and Texts of the Early Modern Age: Italian, Iberian and Transatlantic Networks LT&T",,,"001087,43b410ca-12f1-4892-bb43-f5a7b9154ee9",01/01/2022,2021SGR0155,"Ponton Gijon, Gonzalo","Seres Guillen, Guillermo;Fosalba Vela, Eugenia;Arques Corominas, Rossend;Cerda Subirachs, Jordi;Vilella Morato, Eduard;Valdes Gazquez, Ramon;de la Torre Avalos, Galdric",,"Bono Velilla, Rosa Carmen;Morros Mestres, Bienvenido;Fernandez Garcia, Laura;Gorji, Khatereh;Castany Prado, Bernat;Quinteiro Pulleiro, Belen;Lopez Lorenzo, Cipriano","Universitat de Girona,Universitat Autònoma de Barcelona","043-UDG-GR001087,022-43b410ca-12f1-4892-bb43-f5a7b9154ee9",08/02/2024,0000-0002-6567-8299,0000-0002-8746-1541;0000-0002-8204-8563;0000-0002-5423-086X;0000-0002-0451-0193;0000-0001-5105-9705;0000-0002-7429-9709;0000-0001-8408-0260,,
022-44fd4016-ead6-4959-b33d-6e6177a2b027,"(en) - Grup de Recerca de Mètodes i Aplicacions de Teledetecció i Sistemes d'informacio Geogràfica  - GRUMETS,(ca) - Grup de Recerca de Mètodes i Aplicacions de Teledetecció i Sistemes d'informacio Geogràfica  - GRUMETS,(es) - Grup de Recerca de Mètodes i Aplicacions de Teledetecció i Sistemes d'informació Geogràfica  - GRUMETS",GRUMETS,,44fd4016-ead6-4959-b33d-6e6177a2b027,01/10/2009,2021SGR0554,"Pons Fernández, Xavier","Ninyerola Casals, Miquel;Zabala Torres, Alaitz;Serra Ruiz, Pere",,"Lorenzo Bruzzone;Ilyas Masih;Brotons Alabau, Lluís;Cris Hain;Jose Miguel Rubio;Bente Lilja Bie;Prat Carrió, Ester;Carmen Cillero;Salvati, Luca;Juan Carlos Jiménez;Enric Valor;Masó Pau, Joan;Cristóbal, Jordi;Regos, Adrián;Parisi, Claudia;Joanna Lumsden;Otsu, Kaori;Francesca Bovolo;De Stefano, Lucia;Giuliani, Gregory;Jordi Martinez Vilalta;Anderson, Martha C.;Manakos, Ioannis;Jérôme St-Louis;Moser, Gabriele;Anthony Lehmman;Trevor F.Keenan;de Miguel, Eduardo;Olioso, Albert;Marie-Françoise Voidrot;Padró, Joan Cristian;Peñuelas, Josep;Carmela Marangi;Micha Werner;Vidal Macua, Juan José;Maria Brovelli;Domingo Marimon, Cristina;Helen Glaves;Zambon, Ilaria;Pesquer Mayos, Lluis;Poyatos, Rafael;Evangelos Spyrakos;Vicente Caselles;Ann van Griensven;Sobrino, José A.;Victoria Lush;Alo Laas;Marc van den Homberg;Mark Svoboda;Rebecca Emerton;Joan Serra Sagristà;Tiit Kutser;Ilias Pechlivanidis;Mario Padial;Nuno Catarino;Eleni Athanasopoulou;Carnicer, Jofre;Llorens Garcia, Pilar;Roca Fernandez, Catalina;Serral Montoro, Ivette;Bastin, Lucy;Dimitris Bliziotis;Díaz-Delgado, Ricardo;Dauvid Saurí;Maria Serra, Josep;Francesc Auli-Llinas;Catherine Ottlé;Edyta Woźniak;Maria José Escorihuela;Ils Reusen;Jan Erick;Cea López, Cristina;Bustamante, Javier;Joao Andrade;Cartes Gimeno, Nuria;Ioana Popescu;Nativi, Stefano;Sòria, Guillem",Universitat Autònoma de Barcelona,022-44fd4016-ead6-4959-b33d-6e6177a2b027,27/05/2023,0000-0002-6924-1641,0000-0002-1101-0453;0000-0002-3931-4221;0000-0003-1023-5586,,
004-UB-GR005184,(ca) - Grup de Recerca i Desenvolupament en Síntesi Orgànica per a la industria quimicofarmacèutica,,,005184,01/01/2017,2017SGR0158,"Amat Tuson, Maria Mercedes","Llor Brunes, Nuria;Perez Bosch, Maria;Quirante Serrano, Josefina;Griera Farres, Rosa",,"Diez Pascual, Ana Maria;Gregorio Pinto, Alexandre M.;Urbina Teixidor, Aina;Picciche, Miriam;Yayik, Nihan;Are, Celeste;Bosch Cartes, Juan",Universitat de Barcelona,004-UB-GR005184,28/11/2022,0000-0002-9551-4690,0000-0002-6608-8872;0000-0001-5775-6472;0000-0003-4632-6754;0000-0002-8747-1993,,0000-0003-3376-9919;0000-0001-5733-4384;0000-0001-5974-1733
039-WICOM,"(en) - Wireless & Secure Communications Research Group (WiSeCom),(es) - Grupo de Investigación en Wireless & Secure Communications (WiSeCom),(ca) - Grup de Recerca en Wireless & Secure Communications (WiSeCom)",,http://wicom.upf.edu/,WICOM,15/07/2009,,,"Geraci, Giovanni;Daza Fernández, Vanesa;Ràfols Salvador, Carla;Biglieri, Ezio;Lozano, Àngel",,,Universitat Pompeu Fabra,039-WICOM,11/07/2023,,0000-0002-9998-1747;0000-0003-0583-7929;0000-0002-7035-9049;0000-0002-8867-2455;0000-0003-3790-0494,,
054-32976938366,(ca) - Cognitive NeuroLab,Cognitive NeuroLab,http://cognitive-neurolab.org/,32,21/06/2010,,"Muñoz Marrón, Elena","Redolar Ripoll, Diego;Calabria, Marco",,,Universitat Oberta de Catalunya,054-32976938366,11/07/2023,0000-0003-1978-2826,0000-0001-6922-2822;0000-0003-4373-1316,,
024-82222653694,"(en) - CCP - Catalan Centre of Plastics,(ca) - CCP - Centre Catala del Plastic,(es) - CCP - Centro Catalan del Plastico",CCP,https://www.upc.edu/ccp/catala/index.html,CCP,01/01/1993,,"Maspoch Ruldua, Maria Lluisa","Leon Albiter, Noel;Abt, Tobias Martin;Santana Perez, Orlando Onofre;Sanchez Soto, Miguel Angel",,,Universitat Politècnica de Catalunya,024-82222653694,27/09/2023,0000-0002-4813-6412,0000-0003-1061-8552;0000-0002-4351-8155;0000-0003-3040-6848;0000-0002-0023-5059,,
08070672-104,(ca) - Grup de recerca en descobriment de fàrmacs basats en receptors acoblats a proteïnes G,,https://www.imim.cat/programesrecerca/informaticabiomedica/farmacsproteinesg.html,104,,,"Selent-, Jana","García Recio, Adrián",,,Institut Hospital del Mar d'Investigacions Mèdiques,08070672-104,27/11/2024,0000-0002-1844-4449,0000-0002-7143-9075,,
08072395-33.22,(ca) - Malalties neurodegeneratives,Malalties neurodegeneratives,http://www.vhir.org/portal1/grup-equip.asp?s=recerca&contentid=186912&t=Malalties%20Neurodegeneratives,33.22,,,"Vila Bover, Miquel","Laguna Tuset, Ariadna;Cuadros Arasa, Thais;Montpeyó Garcia-Moreno, Marta;de Fabregues-Boixar Nebot, Oriol;Camprodon Gomez, Maria;Hernández Vara, Jorge;Xicoy Cortada, Helena;Peñuelas Peñarroya, Núria;Riera Heredia, Jordi;Bove Badell, Jordi;González Sepúlveda, Marta;Parent, Annabelle;Compte Barrón, Joan;Martínez Vicente, Marta",,"Garcé Rivarola, Maria Belen;Guillard Sirieix, Camille;Ramos Vicente, David;Sellés Altés, Maria;Castillo Sánchez, Pablo;Arndt, Simone;Mora, Stephen;Hoyo Pérez, Javier;Enriquez Calzada, Silvia;Guardia Laguarta, Cristina;Lorente Picón, Marina;Pradas Gracia, Eddie;Roch Alba, Gerard;Cladera Sastre, Joana Margalida;Serrat Reñe, Roman;Samaniego Toro, Daniela;Nicolau Vera, Alba",Fundació Vall d'Hebron Institut de Recerca,08072395-33.22,27/05/2023,0000-0002-1352-989X,0000-0002-9732-6677;0000-0001-7376-7470;0000-0002-9241-1047;0000-0002-3518-5338;0000-0002-2359-3238;0000-0002-9129-5224;0000-0001-6641-1222;0000-0001-6443-9790;0000-0001-6781-7734;0000-0002-2529-205X;0000-0002-5627-847X;0000-0002-6195-812X;0000-0001-5447-5122;0000-0001-7053-2625,,
022-6b7e6b5b-8eac-4d8e-9518-e3c532f5e68a,"(ca) - LAICOM Laboratori d`anàlisi Instrumental de la Comunicació,(es) - LAICOM Laboratori d`anàlisi Instrumental de la Comunicació,(en) - LAICOM Laboratori d`anàlisi Instrumental de la Comunicació",,http://grupsderecerca.uab.cat/laicom,6b7e6b5b-8eac-4d8e-9518-e3c532f5e68a,03/03/2006,2017SGR0115,,"Blanco Pont, Josep Maria;Badajoz Dávila, Carlos David;Morales Morante, Luis Fernando",,"Lopes Da Silva, Elaine Aparecida",Universitat Autònoma de Barcelona,022-6b7e6b5b-8eac-4d8e-9518-e3c532f5e68a,28/11/2022,,0000-0002-9814-1818;0000-0003-3428-3312;0000-0002-1839-3231,,
004-UB-GR005757,"(ca) - Grup de Recerca en Dret Penal, Política Criminal i Criminologia de la Universitat de Barcelona (DPPCCUB)",,,005757,27/04/2023,2021SGR0297,"Gómez Martín, Victor","Corcoy Bidasolo, M. Luisa C.;Cigüela Sola, Javier;Bolea Bardon, Carolina;Valiente Ivañez, Vicente;Queralt Jimenez, Joan Josep;Castellvi Monserrat, Carlos;Cardenal Montraveta, Sergi;Fernandez Bautista, Silvia",,"Roge Such, Juan Gabriel;Giraldo Cano, Natalia;Hortal Ibarra, Juan Carlos;Gallego Soler, Jose Ignacio;Bages Santacana, Joaquim;Turienzo Fernandez, Alejandro;Carpio Briz, David Isidro;Joshi Jubert, Ujala;Alonso Menjon, Javier;Ramírez Martín, Guillermo;Viñas Racionero, Maria Rosa;Pintor Latorre, Marcos",Universitat de Barcelona,004-UB-GR005757,29/11/2023,0000-0002-3302-6210,0000-0002-6486-1139;0000-0002-3343-0176;0000-0002-9961-9385;0000-0002-5547-3871;0000-0003-0283-3762;0000-0002-9309-7838;0000-0002-7790-1582;0000-0002-1534-4215,,
022-5697c342-ef5e-4417-b875-f48b79dfe0a3,"(ca) - Grup de Recerca sobre Immigració, Mestissatge i Cohesió Social - INMIX,(es) - Grupo de investigación sobre Inmigración, Mestizaje y Cohesión Social - INMIX,(en) - Research Group on Immigration, Mixedness, and Social Cohesion - INMIX",INMIX,http://grupsderecerca.uab.cat/inmix,5697c342-ef5e-4417-b875-f48b79dfe0a3,01/05/2012,2017SGR0466,"Rodriguez Garcia, Dan","Ballestin Gonzalez, Beatriz;Solana Solana, Antonio Miguel;Habimana Jordana, Nyirabera Teresa;Ortiz Guitart, Anna;Rodriguez Reche, Cristina",,"Pequeño Bueno, Andrea;Collet, Beate;Hansen, Nele;Rummens, Joanna Anneke;Giguère, Hélène;Aparicio Gómez, Rosa;Song, Miri;de Miguel Luken, Verónica;Alvarez Litben, Silvia Graciela;Boyd, Monica;Cáceres Flores, Yolanda;Lasheras Ortiz, Andrea;Jarrin Moran, Adriana;Reparato, Aurora Francesca",Universitat Autònoma de Barcelona,022-5697c342-ef5e-4417-b875-f48b79dfe0a3,24/03/2023,0000-0002-1117-292X,0000-0002-2374-9968;0000-0002-0811-1990;0000-0002-5300-609X;0000-0002-6016-5136;0000-0001-6646-7605,,0000-0002-9092-1764;0000-0003-1112-9216
022-abd8cc69-9aaf-4b17-b807-b0c16f140f45,"(ca) - Grup de Recerca Drets Laborals dels Treballadors Espanyols i Estrangers,(en) - Grup de Recerca Drets Laborals dels Treballadors Espanyols i Estrangers,(es) - Grup de Recerca Drets Laborals dels Treballadors Espanyols i Estrangers",,https://grupsderecerca.uab.cat/drelates/ca,abd8cc69-9aaf-4b17-b807-b0c16f140f45,01/10/2009,2021SGR1305,"Rojo Torrecilla, Eduardo","Sola Monells, Xavier;Pastor Martinez, Alberto;Gutierrez Colominas, David;Esteban Legarreta, Ricardo;Ysas Molinero, Helena",,"Fuste Miquela, Josep Maria",Universitat Autònoma de Barcelona,022-abd8cc69-9aaf-4b17-b807-b0c16f140f45,29/11/2023,0000-0002-7840-6532,0000-0002-9047-1097;0000-0001-5249-0353;0000-0001-9845-9917;0000-0002-1886-9885;0000-0002-6685-5410,,
054-92340531163,"(ca) - Literatura Catalana, Món Editorial i Societat",LiCMES,http://literaturacat.blogs.uoc.edu/,84,14/09/2017,2017SGR1345,"Iribarren Donadeu, Teresa","Fernàndez Montolí, Josep Anton;Figueras Capdevila, Narcís;Canadell Rusiñol, Roger;Ojeda Caba, Júlia",,,Universitat Oberta de Catalunya,054-92340531163,24/03/2023,0000-0002-5052-7770,0000-0003-1672-2414;0000-0003-0794-6555;0000-0002-6585-8345;0000-0002-9638-4410,,
004-UB-GR005240,"(ca) - Gens, ambient i desenvolupament: una visió longitudinal en la comprensió de l'origen de la malaltia mental i la diversitat del comportament humà.",,,005240,01/01/2017,2017SGR1577,"Fañanas Saura, Lourdes","Arias Samperiz, Barbara;Rosa de la Cruz, Araceli",,"Giralt Lopez, Maria;Miret, Salvador;Muñoz Flores, Maria Jose;Obiols Llandrich, Jordi;Palma Gudiel, Helena;Marques Feixa, Laia;Martin Fernandez, Maria;March Llanes, Jaume;Peña Lozano, Elionora;Moya Higueras, Jorge",Universitat de Barcelona,004-UB-GR005240,28/11/2022,0000-0001-6266-7706,0000-0001-9181-2132;0000-0001-6935-3785,,0000-0003-4670-5850
G63277776-14874,(en) - Theory and Simulation,,,14874,,,,"Wittemeier, Nils;Escartín Esteban, José María;Pedron, Federico Nicolás;Farris, Roberta;Medondjio, Linda-Sheila;Ordejón Rontomé, Pablo Jesús;Febrer Calabozo, Pol;Alonso Pruneda, José Miguel;Akhtar, Arsalan;De Freitas Martins, Ernane;Coll Benejam, Catalina;Canadell Casanova, Enric",,,Institut Català de Nanociència i Nanotecnologia,G63277776-14874,24/03/2023,,0000-0002-1437-8659;0000-0003-4940-2767;0000-0002-9011-2895;0000-0001-6710-0100;0000-0003-4028-8814;0000-0002-2353-2793;0000-0003-0904-2234;0000-0002-3621-6095;0000-0002-4982-5906;0000-0002-3892-4693;0000-0002-3035-2555;0000-0002-4663-5226,,
054-69385623684,"(ca) - Dret, Internet i transformació digital,(ca) - Dret, Internet i Transformació Digital (DITD)",DITD,http://dretinternet.blogs.uoc.edu/,"25,001086",21/06/2010,2021SGR1591,,"Vilalta Nicuesa, Aura Esther;Rodriguez Rios, Santiago-Francisco;Oromi Vall-Llovera, Susana;Peguera Poch, Miquel;Galindo Caldés, Ramon Lluís;Martínez Zorrilla, David;Vilasau Solana, Mònica;Ormazabal Sanchez, Guillermo;Cerrillo Martínez, Agustí;Armenta Deu, Maria Teresa;Bossacoma Busquets, Pau;Fabra Abat, Pere;Alascio Carrasco, Laura Teresa;Pereira Puigvert, Sílvia","Xalabarder Plantada, Raquel",,"Universitat Oberta de Catalunya,Universitat de Girona","054-69385623684,043-UDG-GR001086",24/04/2024,,0000-0002-4339-4535;0000-0002-4618-7339;0000-0003-1240-8751;0000-0002-8005-7140;0000-0003-2684-1425;0000-0002-0967-6096;0000-0002-5435-1549;0000-0001-7392-8545;0000-0002-1577-4194;0000-0002-3786-3366;0000-0003-1912-812X;0000-0001-7011-0027;0000-0002-6690-5123;0000-0002-8142-1506,,
08072395-33.19,(ca) - Neuroimmunologia clínica,Neuroimmunologia clínica,http://www.vhir.org/portal1/grup-equip.asp?s=recerca&contentid=186888&t=Neuroimmunologia%20Cl%EDnica,33.19,,,"Montalban Gairín, Xavier","Carbonell i Mirabent, Pere;Castillo Justribo, Joaquin;Meza Murillo, Edwin Roger;Rio Izquierdo, Jordi;Midaglia Fernandez, Luciana;Vidal Jordana, Angela;Sastre Garriga, Jaume;Rodriguez Acevedo, Breogan;Renom Guiteras, Marta;Castillo Juarez, Mireia;Malhotra Sareen, Sunny;Tagliani, Paula;Nos Llopis, Carlos;Cobo Calvo, Alvaro;Rodríguez Barranco, Marta;Pinteac, Rucsanda;Dema Etxezarreta, Maria Arantza;Tur Gomez, Carmen;Zabalza de Torres, Ana;Arevalo Navines, M Jesus;Fissolo, Nicolás Miguel;Resina Salles, Mireia;Comabella Lopez, Manuel;Anglada Clofent, Elisenda;Tintore Subirana, Mar;Mongay Ochoa, Neus;Eixarch Ahufinger, Herena;Papolla, Agustin;Arrambide García, Georgina;Muñoz Torres, Pau Marc;Hervera Abad, Arnau;Santoyo Medina, Carme;Espejo Ruiz, Carmen;Galán Cartaña, Ingrid;Cabello, Sergio",,"Martínez Royuela, Nuria;Fraga Pereira, Milagros;Borrràs Riba, Elisabeth;Domeño Baztán, Javier;Loyola Sawmillan, Gaizka;Boutitah Benyaich, Imane;Muñoz Valdivielso, Dunia;Vergara Ruiz, Sergio;Rivera Boix, Eila;Janer Cabo, Montserrat;Gramegna., Laura Ludovica;Soriano Baliarda, Ricard;Graells Salvador, José Ant.;Capell Maymo, Margarida;Guerrero Perez, Ana Isabel;Navarro Pérez, Margarita;Camiña Rodríguez, Gabriel Ig;Morilla Pérez, Nerea;Pérez Rubio, Ana Maria;Ustrell Garrido, Cristina;Marín Ordovás, Elisa;Llorente Blasco, Helena;Carvajal Junco, René Yeltsin;Ramos Hernandez, Lidia;Vilaseca Jolonch, Andreu;Arrieta Perna, Patricia;Sánchez Pous, Samuel;Ferrer López, Silvia;Lopez Reyes, Lorena Viviana;Granada Soto, Alejandra;Martínez Sabaté, Nuria;Miguez Gonzalez, Andres;Justel Pizarro, Joaquin;Rumeu Nin, Anna;García Serqueda, Montserrat;García Sarreón, Miguel Alexis;Nualart Mundo, Oriol;Gutiérrez Ruiz, Lucía;Vetoret Vázquez, Cristina;Serrano Mascarós, Andrea;Beltran Valles, Jordina;Segura Dávila, Karen;Marquez Parra, Jose David;Losada Gimenez, Cristina;Coll Benejam, Llucia;Horno Ocaña, Rosalia;Filló Papiol, Nuria;Lamiel Moreno, Lorena;Aroca Alsina, Montserrat;Fàbregas Xaudaro, Dolors;López Comellas, Gloria;Romero Reinaldos, Montserrat;De la Torre Quintana, Lydia;Fernàndez Garberi, Caterina;Fernandez, Victoria Carla;Soler Llongueras, Elisabet;Rubio Roca, Julia Enric",Fundació Vall d'Hebron Institut de Recerca,08072395-33.19,11/07/2023,0000-0002-0098-9918,0000-0003-1349-9261;0000-0002-8951-6315;0000-0001-6065-3546;0000-0003-4546-7627;0000-0001-7981-2228;0000-0002-7270-5507;0000-0002-1589-2254;0000-0002-0314-753X;0000-0002-2490-494X;0000-0001-8979-3219;0000-0003-1112-7739;0000-0002-4048-7314;0000-0002-3830-4910;0000-0002-2574-0721;0000-0001-5454-3041;0000-0001-5215-3912;0000-0003-4812-4304;0000-0003-1849-3184;0000-0003-3860-5251;0000-0003-0626-5555;0000-0002-7701-9346;0000-0002-9080-0399;0000-0002-2373-6657;0000-0001-5074-4970;0000-0001-9999-5359;0000-0002-0338-4797;0000-0001-7525-9533;0000-0001-6364-9497;0000-0002-2657-5510;0000-0002-0168-3224;0000-0001-8362-369X;0000-0002-3434-0973;0000-0001-9949-5901;0000-0001-5774-4260;0000-0002-4494-0761,,
004-UB-GR005758,(ca) - GRAP - Grup de Recerca en Arqueologia Protohistòrica,,,005758,27/04/2023,2021SGR1070,"Gracia Alonso, Francisco","Garcia Rubert, David",,"Mateu Sagues, Marta;Opazo, Camila;Saorin Collado, Maria del Carme;Zarzuela Gutiérrez, Paloma;Frascella, Selene;Munilla Cabrillana, Gloria;Navas Perrone, Maria Gabriela",Universitat de Barcelona,004-UB-GR005758,08/02/2024,0000-0003-0720-6450,0000-0001-9796-783X,,0000-0002-2978-7201;0000-0003-3484-9021;0000-0001-5436-9637
022-14932ae0-304d-4c1b-b4a7-701eaf092d54,"(ca) - InterÀsia i el nou sistema internacional: Societat, politica i cultura,(es) - InterÀsia i el nou sistema internacional: Societat, politica i cultura,(en) - InterÀsia i el nou sistema internacional: Societat, politica i cultura",,,14932ae0-304d-4c1b-b4a7-701eaf092d54,01/10/2009,2021SGR1028,"Beltran Antolin, Joaquin","Izquierdo Brichs, Ferran;Serra Massansalvador, Francesc;Sainz Gsell, Nilda Nora;Zhou Gu, Minkang;Saiz Lopez, Amelia;Ribas Mateos, Natalia;Sanchez Romera, Alfonso;Feliu Martinez, Laura;Lozano Mendez, Arturo",,"Cubeiro Rodríguez, Dídac;Aarab Aarab, Rachid;Peña Gonzalez, María Alejandra;Cairó Céspedes, Gemma;Manonelles Moner, Laia;Camps Febrer, Blanca;Glombitza., Olivia Isabell;Figliulo, Roberto;Fang, Shuxin;Rosell Foxa, Jordi;Shimoyoshi, Ayumi",Universitat Autònoma de Barcelona,022-14932ae0-304d-4c1b-b4a7-701eaf092d54,11/07/2023,0000-0001-5352-8202,0000-0002-0403-3171;0000-0003-0713-9307;0000-0002-6095-9526;0000-0002-6841-5101;0000-0002-2066-5611;0000-0003-1106-4467;0000-0001-9014-1138;0000-0002-0979-6477;0000-0002-4787-2020,,
08071317-gr343,(un) - TMS,,,6G12/001,15/04/2012,,,"Raya Tena, Antonia;Fernández San Martin, Maria Isabel;Rodríguez Barragán,, María;Martín Royo, Jaume",,,Fundació Institut Universitari per a la recerca a l'Atenció Primària Jordi Gol i Gurina,08071317-gr343,08/02/2024,,0000-0003-0789-7888;0000-0001-9190-7182;0000-0001-8018-0811;0000-0003-3926-7805,,
022-0bb9213a-6267-4ec8-b98d-8c3785c1a44e,"(ca) - Grup de Recerca en Antropologia Biològica - GREAB,(es) - Grup de Recerca en Antropologia Biològica - GREAB,(en) - Grup de Recerca en Antropologia Biològica - GREAB",,,0bb9213a-6267-4ec8-b98d-8c3785c1a44e,01/10/2009,2017SGR1630,"Aluja Paris, Maria Pilar","Galtes Vicente, Joan Ignasi;Malgosa Morera, Asuncion;Pereira Dos Santos, Cristina Maria;Subira de Galdacano, Mª Eulalia;Jordana, Xavier",,"Esparza Pagés, Mireia;Moral Castrillo, Pedro;Isidro Llorens, Albert;Onieva Salgado, Ana;Saldias Vergara, Eduardo;Álvarez Álvarez, Miguel Martín;Hernández Martínez, Miguel;Esteban Torné, M.Esther;Ramos Reche, Amanda;Athanasiadis, Georgios;Gavrus Ion, Alina;Martínez-Abadías, Neus;Vinueza Espinosa, Diana",Universitat Autònoma de Barcelona,022-0bb9213a-6267-4ec8-b98d-8c3785c1a44e,16/02/2023,0000-0002-0407-9356,0000-0002-5758-2668;0000-0003-1723-3671;0000-0002-7014-8014;0000-0001-5315-0051;0000-0002-6016-6630,,
044-UDL-GR000455,(ca) - Modelatge matemàtic i biologia sintética i de sistemes en biomedicina i biotecnologia Mathematical Systems & Synthetic Biology in Biomedicine and Biotechnology (MathSy2Bio),,,000455,01/01/2022,2021SGR1353,"Vaqueiro de Castro Alves, Rui Carlos","Sorribas Tello, Albert;Marin Sanguino, Alberto;Lucido, Abel Garbulo;Martínez Alonso, Montserrat;Vilapriño Terre, Ester;Basallo Clariana, Oriol;Forné Izquierdo, Carles;Serrano Casasola, Jose",,,Universitat de Lleida,044-UDL-GR000455,08/02/2024,0000-0002-8112-5184,0000-0002-7407-4075;0000-0001-8728-7689;0000-0002-9286-3326;0000-0003-1504-8552;0000-0002-5787-5890;0000-0002-7402-3999;0000-0002-8133-3274;0000-0001-6714-6061,,
062-49240673688,"(ca) - Comunicació, Mitjans i Societat (CMiS)",2017 SGR 1680 (GRE),,2017 SGR 1680 (GRE),01/01/2017,2017SGR1680,"Lacasa Mas, Iván","García Avis, Isadora;Victoria Mas, María;Regadera Gonzalez, Elisa;Méndiz Noguero, Alfonso;Jiménez Yáñez, Ricardo María",,"Oliva López, Aurora;García Pousa, Laura",Universitat Internacional de Catalunya,062-49240673688,28/11/2022,0000-0002-9600-6049,0000-0003-4663-7931;0000-0001-5107-0226;0000-0002-1793-8105;0000-0003-4450-1272;0000-0002-8065-1289,,
004-UB-GR005822,"(ca) - Teoria de Jocs, Economia i Votacions (Game Theory, Economics and Voting)",,http://www.ub.edu/gtam,005822,27/04/2023,2021SGR0306,"Nuñez Oliva, Marina","Martinez de Albeniz Salas, Francisco Javier;Navas Rodenes, Jorge;Alvarez Mozos, Mikel;De Frutos Cachorro, Julia;Rafels Pallarola, Carlos;Atay, Ata;Marin Solano, Jesus",,"Tejada Pinyol, Oriol;Izquierdo Aznar, Josep Maria;Boncompte Pons, Mercedes;Ybern Carballo, Neus;Calleja Cortes, Pedro;Domènech Gironell, Gerard;Mañó Cabello, Carles;Martinez Legaz, Juan Enrique;Llerena Garres, Francesc",Universitat de Barcelona,004-UB-GR005822,27/05/2023,0000-0003-2805-1136,0000-0001-5658-4349;0000-0001-8488-5958;0000-0002-8457-4647;0000-0001-8494-3943;0000-0001-6804-9538;0000-0002-4845-738X;0000-0003-2853-4410,,
039-SISTCOMPLE,"(es) - Grupo de Investigación en Sistemas Complejos,(en) - Complex Systems Research Group,(ca) - Grup de Recerca en Sistemes Complexos",,http://complex.upf.edu/,SISTCOMPLE,06/10/2008,2017SGR0866,,"Solé Vicente, Ricard;Piñero, Jordi;Steels, Luc;Valverde Castillo, Sergi",,,Universitat Pompeu Fabra,039-SISTCOMPLE,27/09/2023,,0000-0001-6974-1008;0000-0002-4183-3733;0000-0001-9134-3663;0000-0002-2150-9610,,
08070763-gr535,(un) - DIAGNOSTIC HEMATOLOGIC,,http://www.recercasantpau.cat/en/group/haematological-diagnosis/,A2-03,03/12/2010,,"Nomdedéu Guinot, Josep","Pratcorona Canela, Marta;Remacha Sevilla, Angel Francisco",,,Institut de Recerca Hospital de Sant Pau – IIB Sant Pau,08070763-gr535,27/05/2023,0000-0003-3399-346X,0000-0001-6375-596X;0000-0003-2341-0435,,
58863317-gr349,(un) - Oral Health and Masticatory System,,https://idibell.cat/en/research/translational-medicine-area/digestive-system-diagnostics-pharmacogenetics-care-support-and-clinical-prevention-program/oral-health-and-masticatory-system/,515,01/01/2015,,"Peraire Ardevol, Maria","López López, José;Jané Salas, Enric;Ayuso Montero, Raul;Chimenos Küstner, Eduardo;Willaert Jimenez Pajarero, Eva;Gonzalez Navarro, Beatriz;Martínez Gomis, Jordi;Estrugo Devesa, Albert",,,Institut d'Investigació Biomèdica de Bellvitge,58863317-gr349,27/09/2023,0000-0003-1859-5471,0000-0001-8035-4412;0000-0002-3574-4603;0000-0002-8090-0564;0000-0002-0728-1808;0000-0002-9876-357X;0000-0002-5951-7499;0000-0003-3497-093X;0000-0001-8430-3380,,
G64045719-13934,(en) - Targeted therapeutics and nanodevices,,,13934,,,,"Vigo, Marco;Placci, Marina;Muro, Silvia",,,Institut de Bioenginyeria de Catalunya,G64045719-13934,08/02/2024,,0000-0001-8662-6570;0000-0002-9014-0079;0000-0003-1900-352X,,
G25314394-gr311,(un) - Neurociències Clíniques,,https://clinicalneuroscienceslleida.wordpress.com/,18,01/01/2005,,"Purroy Garcia, Francisco","Arque Fuste, Gloria;Vicente Pascual, Mikel;Carnes Vendrell, Anna;Torreguitart Mirada, Nuria;Paredes Carmona, Fernando;Salvany Montserrat, Sara;Vazquez Justes, Daniel;Piñol Ripoll, Gerard;Mitjana Penella, Raquel;Visa Reñe, Núria;Torres Querol, Coral",,"Quilez Martinez, Alejandro;Montala Palau, Nuria;Peiró Riera, Amelia;Sanahuja Montesinos, Jordi;Begue Gomez, Robert;Mauri Capdevila, Gerard Josep;Dakterzada Sedaghat, Farida;Regue Vidart, Ares;Garcia Vazquez, Cristina;Pereira Priego, Cristina",Institut de Recerca Biomèdica de Lleida – Fundació Dr. Pifarré,G25314394-gr311,24/03/2023,0000-0002-1808-5968,0000-0002-8039-3726;0000-0002-5445-7853;0000-0003-2211-380X;0000-0003-4770-0787;0000-0002-2247-0930;0000-0002-4250-6689;0000-0002-7946-2982;0000-0002-4495-2113;0000-0002-2076-9461;0000-0002-5299-2772;0000-0002-2513-7076,,
024-38590308977,"(en) - CRG - Computational Robotics Group,(es) - CRG - Grupo de Robotica Computacional,(ca) - CRG - Grup de Robotica Computacional",CRG,http://www.iri.upc.edu/research/kinematics,CRG,01/01/2015,2017SGR0842,"Ros Giralt, Lluis","Porta Pleite, Jose Maria;Ruiz de Angulo Garcia, Vicente;Celaya Llover, Enric;Thomas Arroyo, Federico",,"Moreno Martin, Siro;Pujol Badell, Sergi",Universitat Politècnica de Catalunya,024-38590308977,16/02/2023,0000-0002-8338-6062,0000-0002-5056-1717;0000-0002-2067-7399;0000-0001-8480-7706;0000-0001-9341-5528,,
054-18270994178,(ca) - Investigadors individuals en Ciències de la Informació i de la Comunicació,E-INFCOM,http://www.uoc.edu/portal/ca/estudis_arees/ciencies_informacio_comunicacio/recerca/index.html,18,18/06/2010,,,"Lupiáñez Villanueva, Francisco;Ollé Castellà, Candela;Bernal Triviño, Ana",,,Universitat Oberta de Catalunya,054-18270994178,27/09/2023,,0000-0001-5361-7678;0000-0002-8302-4790;0000-0002-7024-1921,,
024-12222550579,"(ca) - GREIP - Grup de Recerca d'Edificacio i Patrimoni,(es) - GREIP - Grupo de Investigacion de Edificacion y Patrimonio,(en) - GREIP - Building Construction and Heritage Research Group",GREiP,http://greip.upc.edu,GREiP,22/07/2004,,,"Royano Garcia, Veronica;Vilajosana Crusells, Jordi;Esquinas Dessy, Jesus;Bosch Prat, Mireia;Torrents Arevalo, Juan Antonio;Garcia Rodriguez, Francisco Javier","Gibert Armengol, Vicente","Baringo Sabater, Pedro;Xiques Triquell, Jordi;Capella Llovera, Joaquin",Universitat Politècnica de Catalunya,024-12222550579,24/03/2023,,0000-0003-0565-2588;0000-0002-9183-8954;0000-0002-8431-9283;0000-0003-2020-509X;0000-0003-3799-6588;0000-0002-9409-7784,,
08070763-gr525,"(un) - INVESTIGACIO EN ENDOCRINOLOGIA, DIABETIS I NUTRICIO (EDUAB-HSP)",,http://www.recercasantpau.cat/en/group/endocrinology-diabetes-and-nutrition/,A5-02,03/12/2010,,"Mauricio Puente, Didac","Mendoza Mathison, Lilian Cristina;Gonzalez Blanco, Cintia;Chico Ballesteros, Ana Isabel;Rojo Lopez, Marina Idalia;Mateu Salat, Manuel;Perez Perez, Antonio;Julve Gil, Josep;Rossell Rusiñol, Joana;Miñambres Donaire, Inka;Genua Trullos, Idoia;Cubero Marcos, Jose Maria;Mato Matute, Eugenia;Corcoy Pla, Rosa",,"Lopez Argudo, Alicia;Vallverdu Gordi, Nuria-Fucui;Ortet Teixidor, Aïda;Figueroa Cruz, David;Garcia Patterson, Apolonia Gabriela;Subias Burrel, Miguel;Real Gatius, Jordi;Stantonyonge Sesnic, Nicole;Martinez Mores, Santiago;Boluda Sanson, Alejandro;Vlacho, Bogdan;Niño-Narvion Garcia, Julia;Pujol Abajo, Montserrat;Ruiz Auladell, Lara",Institut de Recerca Hospital de Sant Pau – IIB Sant Pau,08070763-gr525,24/03/2023,0000-0002-2868-0250,0000-0002-8984-0078;0000-0003-2551-9979;0000-0001-6498-3411;0000-0001-6748-3156;0000-0002-2421-712X;0000-0001-5528-1143;0000-0002-6531-2246;0000-0003-1500-6379;0000-0002-0899-3938;0000-0001-6834-561X;0000-0002-0185-4601;0000-0001-8121-9335;0000-0001-5055-6814,,0000-0003-3768-8112
062-06589090889,"(ca) - DRETS, AGENDA 2030 I RECUPERACIÓ SOSTENIBLE A CATALUNYA (RESCAT 2030)",2021 SGR 01336,,2021 SGR 01336,01/01/2022,2021SGR1336,,"De Juan Casadevall, Jorge;Lázaro Palau, Carmen María;Rey Peña, Mª Pilar;Fernandez Arrojo, María;Serrano Daura, Josep;Nebrera González, Montserrat;Mut Bosque, Maria;Zárate Rivero, Belén;Durany Pich, Salvador;Guardia Hernández, Juan José;Simón Altaba, Marc;Jiménez Yáñez, Ricardo María",,"Perramon Torres, Eva",Universitat Internacional de Catalunya,062-06589090889,11/07/2023,,0000-0003-2185-6660;0000-0003-2867-3023;0000-0002-4799-7325;0000-0003-0492-8482;0000-0002-3876-6365;0000-0001-6206-9378;0000-0003-3307-6055;0000-0001-8025-0728;0000-0002-8546-9291;0000-0001-5958-2808;0000-0002-6657-1055;0000-0002-8065-1289,,
43018103-32122,"(en) - Christian and Late Antiquity Archaeology,(ca) - Arqueologia Cristiana i de l'Antiguitat Tardana,(es) - Arqueología Cristiana y de la Antigüedad Tardía",,https://icac.cat/recerca/equips-de-recerca/arqueologia-cristiana-i-de-lantiguitat-tardana/,32122,01/01/2014,,,"Negre Pérez, Joan;Muñoz Melgar, Andreu;Caldés Aquilué, Òscar;Fortuny Mendo, Karen;Riera Rullan, Mateu;Roig Pérez, Josep Francesc;Muñoz Virgili, Andreu;Rodríguez Martorell, Francesc;Ribera Lacomba, Albert Vicent;Macias Solé, Josep Maria;López Vilar, Jordi",,,Institut Català d'Arqueologia Clàssica,43018103-32122,24/04/2024,,0000-0002-2804-1467;0000-0001-6161-6536;0000-0002-8902-2921;0000-0003-4972-589X;0000-0001-9723-0539;0000-0002-0656-5155;0000-0001-5030-1096;0000-0002-4700-5023;0000-0001-6246-3703;0000-0002-1146-7015;0000-0002-6541-9705,,
022-bc567519-f79a-437c-992d-eaec26f2c75a,"(es) - Grup de Recerca en Imatge, So i Síntesi - GRISS,(ca) - Grup de Recerca en Imatge, So i Síntesi - GRISS,(en) - Grup de Recerca en Imatge, So i Síntesi - GRISS",GRISS,http://griss.org,bc567519-f79a-437c-992d-eaec26f2c75a,01/10/2009,2017SGR0672,"Prado Pico, Emilio","Valero Sancho, Jose Luis;Marti Marti, Josep Maria;Monclus Blanco, Ana Belen;Garcia Muñoz, Nuria;Llorens Maluquer, Carlos;Hernandez Gomez, Juan Bautista;Franquet Calvet, Maria Rosa;Lluis Gumiel, Pau;Ramajo Hernandez, Natividad;Fernandez Peña, Emilio;Nieto Losada, Adolfo;Ribes Guardia, Francesc Xavier;Delgado Reina, Matilde",,,Universitat Autònoma de Barcelona,022-bc567519-f79a-437c-992d-eaec26f2c75a,28/11/2022,0000-0003-4871-2472,0000-0002-4196-4573;0000-0003-2533-5109;0000-0002-8026-6778;0000-0002-6169-8428;0000-0003-4411-5865;0000-0002-9153-0749;0000-0003-3557-6846;0000-0002-4756-3578;0000-0002-6233-0879;0000-0002-0534-6663;0000-0001-8932-3081;0000-0001-5454-1345;0000-0002-3071-5934,,
G63971451-14014,(en) - Biostatistics/Bioinformatics,,,14014,,,,"Reina García, Oscar;Caballe Mestres, Adrià;Mateo Ramos, Lidia;Stephan-Otto Attolini, Camille",,,Institut de Recerca Biomèdica de Barcelona,G63971451-14014,28/11/2022,,0000-0002-1031-2732;0000-0002-2388-4713;0000-0002-9076-4025;0000-0001-8045-320X,,
044-UDL-GR000376,(ca) - Fisiopatologia Metabòlica,,http://www.nutren.udl.cat,000376,18/10/2005,2017SGR0696,"Pamplona Gras, Reinald","Mota Martorell, Natàlia;Pradas Barriga, Irene;Naudi Farre, Alba;Jove Font, Mariona;Obis Monne, Elia;Serrano Casasola, Jose;Portero Otin, Manuel;Granado Serrano, Ana Belen;Canti Nicolas, Carles;Hernandez Garcia, Cristian Didier;Ayala Jove, Maria Victoria;Torres Cabestany, Pascual;Boada Pallas, Jordi;Berdún Hernandez, Rebeca",,"Argiles Baulo, David;Sol Culleré, Joaquim;Rossi, Chiara;Romero Guevara, Ricardo;Martin Gari, Meritxell",Universitat de Lleida,044-UDL-GR000376,16/02/2023,0000-0003-4337-6107,0000-0001-5937-7070;0000-0001-8069-7298;0000-0003-0699-1004;0000-0001-5577-6162;0000-0002-6838-1634;0000-0001-6714-6061;0000-0002-1823-0299;0000-0002-5328-513X;0000-0003-3854-9712;0000-0002-0926-5895;0000-0002-1496-966X;0000-0001-7903-3478;0000-0001-5109-4244;0000-0002-8947-3140,,
042-URV-GR1759,(ca) - Grupo de Plasmonica y Ultradeteccion,,,1759,01/01/2022,2021SGR0166,"Alvarez Puebla, Ramon Angel","Pazos Pérez, Nicolás Carlos;Guerrini, Luca",,,Universitat Rovira i Virgili,042-URV-GR1759,08/02/2024,0000-0003-4770-5756,0000-0002-2326-4231;0000-0002-2925-1562,,
042-URV-GR811,(ca) - GRUP D'ANTROPOLOGIA SOCIAL (GAS),,,811,01/01/2017,2017SGR0023,"Gracia Arnaiz, Maria Isabel","Puig Cruells, Carmina;Anleu Hernández, Claudia Maria;Roca Girona, Jordi;Chirinos Medina, Carlos Alonso;Bodoque Puerta, Yolanda;Ramírez Hita, Susana;Zafra Aparici, Eva;Alegre Agís, Elisa;Anzil, Flavia Verónica;Romaní Alfonso, José Oriol;Forns Fernández, Maria Victòria;Moreras Palenzuela, Jordi;Comas D'Argemir Cendra, Maria Dolors;Casanovas Codina, Joan;Vallverdú Vallverdú, Jaime;García Moreno, Cristina;Martinez Hernaez, Angel;Riccò, Isabella;Andreu Tomàs, Agustín;Casadó Marín, Lina Cristina;Vidal, Fernando;Prat Caros, Juan;Brigidi, Serena;González Puente, Marc;Hall, Karen Anne Esther;Torrens Bonet, Ramona;Soronellas Masdeu, Maria Montserrat;Maza Gutierrez, Gaspar;Campanera Reig, Mireia;Deusdad Ayala, Blanca;Pujadas Muñoz, Joan Josep",,,Universitat Rovira i Virgili,042-URV-GR811,24/03/2023,0000-0002-6429-6395,0000-0003-1160-9252;0000-0001-8459-3701;0000-0002-5125-5607;0000-0002-8656-3052;0000-0003-1059-0457;0000-0002-3901-1247;0000-0003-3439-774X;0000-0003-3720-7163;0000-0001-5968-4898;0000-0001-6939-0711;0000-0003-3938-8172;0000-0002-8557-821X;0000-0002-0385-0436;0000-0002-6921-1960;0000-0003-3701-6869;0000-0002-2039-6212;0000-0002-5122-7075;0000-0002-3612-430X;0000-0003-2629-3772;0000-0002-8078-1673;0000-0002-2956-8607;0000-0001-7470-7699;0000-0001-9325-3880;0000-0002-7734-9548;0000-0001-5618-4046;0000-0003-0112-5537;0000-0001-7816-6105;0000-0001-5177-0329;0000-0002-5926-898X;0000-0002-7005-0551;0000-0001-8230-4523,,
043-UDG-GR000983,(ca) - Grup de Recerca en Diversitat,,,000983,01/01/2022,2021SGR0480,"Fullana Noell, Judit","Vilà Suñé, Montserrat;Puyaltó Rovira, Carolina Maria;Pallisera Diaz, Maria;Diaz Garolera, Gemma;Beltran Arreche, Maialen",,"Ferrer Comalada, Cristina;Garcia Iriarte, Edurne;Giné, Climent;Cardona Iguacen, Montserrat;Valls Gabernet, Maria Josep;Ruf, Josep;Moliner, Odet;Blanco, Ferran;Callus, Anne Marie;Vila, Elsa;Sabates, Carme;Fernandez, Eva;Montes, Desiré;Ramon, Catalina;Triado, Ester;Cabo, Maria Jose;Fernandez Peña, Rosario;Rey Freire, Ana",Universitat de Girona,043-UDG-GR000983,24/04/2024,0000-0003-4356-4482,0000-0003-3188-3320;0000-0002-8313-0462;0000-0002-3703-4015;0000-0001-7437-2155;0000-0002-8929-7247,,0000-0002-0760-9439
024-30588828825,"(ca) - ARCO - Microarquitectura i Compiladors,(en) - ARCO - Microarchitecture and Compilers,(es) - ARCO - Microarquitectura y Compiladores",ARCO,http://arco.e.ac.upc.edu/wiki/index.php/ARCO_Research_Group,ARCO,22/07/2004,2017SGR0091,"Gonzalez Colas, Antonio Maria","Cruz Diaz, Josep-Llorenc;Huerta Gañan, Rodrigo;Tubella Murgadas, Jordi;Exenberger Becker, Pedro Henrique;Riera Villanueva, Marc;Abaie Shoushtary, Mojtaba;Tomas Berjaga, Aurora;Gondlyala Sathya, Nitesh Narayana;Khabbazan, Bahareh;Parcerisa Bundo, Joan Manuel;Sabri Abrebekoh, Mohammad;Silfa Feliz, Franyell Antonio;Taranco Serna, Raul",,"Aliagas Castell, Carles;Joseph, Diya",Universitat Politècnica de Catalunya,024-30588828825,16/02/2023,0000-0002-0009-0996,0000-0001-5325-9153;0000-0003-0052-7710;0000-0001-8669-0740;0000-0001-5947-1913;0000-0002-2768-5703;0000-0003-2377-6939;0000-0002-1488-0630;0000-0002-8641-7178;0000-0001-6726-2804;0000-0001-5771-8118;0000-0002-3113-5392;0000-0002-1134-9908;0000-0002-1564-4365,,
43018103-32116,"(ca) - Arqueologia del Paisatge (GIAP),(es) - Arqueología del Paisaje (GIAP),(en) - Landscape Archaeology (GIAP)",,https://icac.cat/recerca/equips-de-recerca/arqueologia-del-paisatge-giap/,32116,01/01/2014,,,"Flórez Santasusanna, Marta;Pescini, Valentina;Diffey, Charlotte;Jones, Graham Roderick;Berganzo Besga, Iban;Kour, Navjot;Ortega Pérez, Maria Jesús;Wallace, Michael Paul;Moudopoulos-Athanasiou, Faidon;Palet Martínez, Josep Maria;Martínez Fernández, Jesús;Apostolou, Giannis;Riso, Federica;Carbonell Puigventós, Arnau;Kriti, Alexandra;Boutsikas, Efrosyni;Badenes Placencia, Sergio;Livarda, Alexandra;Mayoral Pascual, Alfredo;Strolin, Laura;Conesa, Francesc C.;Medina Gil, Pablo;Venieri, Konstantina;Orengo Romeu, Hèctor A.;Vandorpe, Patricia;Baniou, Theoni;Georgiadis, Merkourios;Bu?Awka, Nazarij;Gallego Valle, Abel;Sendash Singh, Pangambam;Wilkinson, Toby Christopher;Garcia Molsosa, Arnau;Colominas Barberà, Lídia",,,Institut Català d'Arqueologia Clàssica,43018103-32116,24/03/2023,,0000-0002-7352-9322;0000-0001-7008-6178;0000-0003-2829-9908;0000-0001-6214-0138;0000-0002-6161-2452;0000-0003-3560-9353;0000-0001-6156-2101;0000-0002-2355-5565;0000-0002-8019-4751;0000-0003-0166-8160;0000-0002-0742-9454;0000-0001-9429-9258;0000-0002-8693-0633;0000-0003-4993-0295;0000-0002-2407-7489;0000-0003-0226-7959;0000-0003-2863-0779;0000-0002-4503-1287;0000-0002-3003-6018;0000-0002-8670-2200;0000-0002-4026-7266;0000-0002-7493-5568;0000-0001-7500-8857;0000-0002-9385-2370;0000-0002-0600-3187;0000-0002-9358-0547;0000-0003-0823-3637;0000-0003-2338-4687;0000-0002-0023-2982;0000-0001-5313-9469;0000-0002-4905-0522;0000-0001-5416-2986;0000-0001-6838-5814,,
08070763-gr526,(un) - MALALTIES DE LA HIPOFISI,,http://www.recercasantpau.cat/en/group/pituitary-gland-disorders/,A5-03,03/12/2010,,"Webb Youdale, Susana","Gil Ortega, Joan;Resmini, Eugenia;Aulinas Maso, Anna;Asla Roca, Queralt",,,Institut de Recerca Hospital de Sant Pau – IIB Sant Pau,08070763-gr526,27/09/2023,0000-0001-7052-6436,0000-0003-1030-9119;0000-0002-7919-4316;0000-0002-1205-7114;0000-0001-6049-8048,,
08070763-gr530,(un) - GRUP DE RECERCA DE MALALTIES RESPIRATORIES CRONIQUES (GREC),,http://www.recercasantpau.cat/en/group/chronic-respiratory-diseases/,A5-07,03/12/2010,,"Plaza Moral, Vicente","Giner Donaire, Jordi;De la Rosa Carrillo, David;Gimenez Palleiro, Ana Maria;Torrego Fernandez, Alfonso;Peiro Fabregas, Meritxell;Podzamczer Valls, Ines;Fortuna Gutierrez, Ana;Paz del Rio, Luis Daniel;Anton Albisu, Pedro Ant.;Gutierrez Pereyra, Fernando;Soto Retes, Lorena Concepcion;Crespo Lessmann, Astrid;Rafecas Codern, Albert;Palones Femenia, Esther;Pajares Ruiz, Virginia;Ramos Barbon, David;Solanes Garcia, Ingrid;Mayos Perez, Mercedes;Puy Rion, Maria Carme",,"Gutierrez Rouco, Marta;Curto Sanchez, Elena;Castillo Villegas, Diego;Segura Medina, Macarena;Alonso Leon, Ana Maria;Mateus Medina, Eder Fredy;Saldaña Marin, Saul",Institut de Recerca Hospital de Sant Pau – IIB Sant Pau,08070763-gr530,16/02/2023,0000-0003-2567-5496,0000-0002-3044-2059;0000-0003-0753-1771;0000-0002-3898-0652;0000-0001-6624-2465;0000-0001-6226-910X;0000-0002-5574-4424;0000-0002-3619-1609;0000-0003-2410-6806;0000-0002-4189-4472;0000-0002-6202-4636;0000-0002-2095-3744;0000-0002-2238-6851;0000-0003-0556-6436;0000-0001-5034-3296;0000-0002-0916-527X;0000-0002-9615-6557;0000-0001-8506-908X;0000-0003-3972-3671;0000-0001-6567-5293,,0000-0002-7291-0543
08072395-37.49,(ca) - Unitat de recerca de la columna vertebral,Unitat de recerca de la columna vertebral,http://www.vhir.org/portal1/grup-equip.asp?s=recerca&contentid=187108&t=Unitat%20de%20Recerca%20de%20la%20Columna%20Vertebral,37.49,,,"Pellisé Uriquiza, Ferran","Núñez Pereira, Susana;Bagó Granell, Juan;Matamalas Adrover, Antònia;Figueras San Román, Clara;Colomina Soler, Maria Jose;Mora Miquel, Lidia;García de Frutos, Ana;Haddad, Sleiman",,"Fruitós Montané, Laura;Parés Raventós, Mireia;Ramirez Valencia, Manuel;Codina Frutos, Georgina;Garces Diaz, Mercè;Capdevila Bayo, Maria;Barcheni, Maggie",Fundació Vall d'Hebron Institut de Recerca,08072395-37.49,16/02/2023,0000-0002-0644-7757,0000-0003-1273-7256;0000-0001-9359-8088;0000-0003-4588-552X;0000-0003-0543-7191;0000-0003-0106-0956;0000-0003-0015-2859;0000-0003-0729-8631;0000-0002-3662-9009,,
004-UB-GR005178,"(ca) - Fisiopatologia i Tractament de les Malalties Neurodegeneratives,(ca) - Grupo de Investigación Consolidado de Fisiopatología de Enfermedades Neurodegenerativas",,,"005178,000837",01/01/2017,2017SGR1095,"Alberch Vie, Jordi","Xifro Collsamata, Francesc Xavier;Giralt Torroella, Albert;Rodríguez Allue, Manuel José;Perez Navarro, Esther;Gines Padros, Silvia;Malagelada Grau, Cristina;Marti Puig, Eulalia;Brito, Veronica",,"Vidal Sancho, Laura;Garcia Forn, Marta;Creus Muncunill, Jordi;Martin Flores, Nuria;Garcia Diaz Barriga, Alfonso Gerardo;Cabezas Monjonell, Núria;Fernandez Garcia, Sara Elena;Alvarez Periel, Elena;Suelves Caballol, Nuria;Perez Sisques, Leticia;Muñoz Alarcon, M. Teresa;Blazquez Romero, Gloria;Lopez Molina, Laura Celina;Saavedra Martins, Ana Cristina;Andrade Lopez, Carmen","Universitat de Barcelona,Universitat de Girona","004-UB-GR005178,043-UDG-GR000837",28/11/2022,0000-0002-8684-2721,0000-0002-7417-9475;0000-0001-5334-0963;0000-0002-4476-004X;0000-0001-9165-6539;0000-0002-9479-8185;0000-0001-7185-436X;0000-0002-1030-3158;0000-0002-4137-0708,,
004-UB-GR005405,(ca) - Grup de Recerca Ambiental Mediterrània (GRAM),,,5405,01/01/2017,2017SGR1344,"Ubeda Cartaña, Javier","Barriocanal Lozano, Carlos Alfredo;Vadri Fortuny, Maria Teresa;Tort Donada, Joan;Rodriguez Carreras, Roser;Farguell Perez, Joaquim",,"Rubio Esteve, Carles Miquel;Soler Roig, Montserrat;Alcañiz Puig, Meritxell;Santasusagna Riu, Albert;Francos Quijorna, Marcos",Universidad de Barcelona,004-UB-GR005405,16/06/2021,,,,
08033055-gr25,(un) - Investigación en Salud Mental Infanto-Juvenil,,,P01-12,01/01/2016,,"Dolz Abadia, Montserrat","Vidal-Ribas Belil, Pablo;Rueda Barcena, Isabel;Via Virgili, Esther;Camprodon Rosanas, Ester;Serrano Troncoso, Eduardo;Muñoz Samons, Daniel;Lacasa Saludes, Fernando;Mollà Cusí, Laia;Mairena García de la Torre, Ma Ángeles;Lombardini, Federica;Tor Fabra, Jordina;Butjosa Molines, Anna;Insa Pineda, Inmaculada;Diez Juan, Maria;Pardo Gallego, Marta;Sintes Estevez, Anna;Alda Díez, José Ángel;Matalí Costa, Josep Lluís",,,Institut de Recerca Sant Joan de Déu,08033055-gr25,29/11/2023,0000-0002-2226-423X,0000-0002-4863-9247;0000-0002-0844-0591;0000-0002-2331-3232;0000-0003-0170-1717;0000-0002-4935-7348;0000-0001-8468-9762;0000-0002-3178-7630;0000-0003-3690-408X;0000-0001-9749-6353;0000-0002-7856-8646;0000-0002-2952-9624;0000-0001-5317-9508;0000-0002-3373-1120;0000-0002-9394-4355;0000-0001-8006-0887;0000-0001-8496-9916;0000-0002-8608-4481;0000-0002-1365-5837,,
039-SPB,"(es) - Grupo de Investigación en Producción del Habla y Bilingüismo (SPB),(en) - Speech Production and Bilingualism (SPB),(ca) - Grup de Recerca en Producció de la Parla i Bilingüisme (SPB)",,https://www.upf.edu/web/spb,SPB,15/07/2009,,,"Calabria, Marco;Baus Marquez, Cristina",,,Universitat Pompeu Fabra,039-SPB,24/03/2023,,0000-0003-4373-1316;0000-0002-0832-6182,,
062-21376320204,(ca) - Neural Systems Plasticity Group (NeuroPlast),2021 SGR 01335,,2021 SGR 01335,01/01/2022,2021SGR1335,,"Ranson, Adam;Bosch Pita, Miquel;Parcerisas Mosqueda, Antoni",,"Rojo Francas, Eva;Timplalexi, Melina Panagiota;Mateos Aparicio Moreno, Pedro",Universitat Internacional de Catalunya,062-21376320204,27/05/2023,,0000-0002-4804-0832;0000-0002-7103-2574;0000-0002-3204-9285,,
004-UB-GR005876,(ca) - Grup de Recerca Consolidat Anàlisi territorial i desenvolupament regional - ANTERRIT,,,005876,27/04/2023,2021SGR1177,"Sánchez Aguilera, Dolores","Lopez Palomeque, Francisco M.;Torres Delgado, Anna;Coma Guitart, Josep;Arias Sans, Albert;Font Urgell, Xavier",,"Font Garolera, Jaume;Martinez Ruiz, Jaime;Simeonova Simeonova, Velislava",Universitat de Barcelona,004-UB-GR005876,08/02/2024,0000-0002-4022-491X,0000-0002-9020-8061;0000-0001-8655-1556;0000-0003-0248-8508;0000-0002-0262-7451;0000-0002-9994-8074,,
G65454308-90519378625,(un) - T cell lymphomas,,www.carrerasresearch.org,GRU2100077,01/04/2021,,"Mondragón Martínez, Laura",,,"Alonso Montero, Angela;Luque Garcia, Antonio Miguel;Masó Carretero, Arnau;Chalhoub, Barbara",Institut de Recerca Contra la Leucèmia Josep Carreras,G65454308-90519378625,08/02/2024,0000-0002-3257-045X,,,
039-DTISS,"(en) - Labour and Social Security Law Research Group (DTiSS),(ca) - Grup de Recerca en Dret del Treball i de la Seguretat Social (DTiSS),(es) - Grupo de Investigación en Derecho del Trabajo y de la Seguridad Social (DTiSS)",,https://www.upf.edu/web/gredtiss,DTISS,02/02/2005,2017SGR1563,,"Colàs-Neila, Eusebi;Fargas Fernández, Josep;Canalda Criado, Sergio;López López, Julia;Chacartegui Jávega, Consuelo",,,Universitat Pompeu Fabra,039-DTISS,08/02/2024,,0000-0002-1322-1254;0000-0003-1229-3405;0000-0002-7536-1711;0000-0002-2922-4644;0000-0002-3507-5817,,
024-13631965458,"(ca) - CATMech - Centre Avancat de Tecnologies Mecaniques,(es) - CATMech - Centro Avanzado de Tecnologias Mecanicas,(en) - CATMech - Centre for Advanced Technologies in Mechanics",CATMech,https://catmech.upc.edu/home,CATMech,11/11/2020,2021SGR0604,"Casals Terre, Jasmina","Raush Alviach, Gustavo Adolfo;Comas Amengual, Angel;Fakhraei, Javad;Liravi, Hassan;Bergada Granyo, Josep Maria;Arcos Villamarin, Robert;Drougkas, Anastasios;Lopez Martinez, Joan Antoni;Clot Razquin, Arnau;Alvarez del Castillo, Javier;Martinez Gonzalez, Eva;Pamies Gomez, Teresa;Mendizabal Dinucci, Virginia Dolores;Martinez Martinez, Borja;Karimi, Shadi;Farre Llados, Josep;Freire Venegas, Francisco Javier;Jimenez Diaz, Santiago;Ortiz Marzo, Jose Antonio;Balastegui Manso, Andreu;Rio Cano, Carlos",,"Mercedes Cede?o., Luis Enrique;Bonastre Marti, Jaime",Universitat Politècnica de Catalunya,024-13631965458,08/02/2024,0000-0002-1368-3950,0000-0002-9730-5091;0000-0002-7882-1621;0000-0001-6380-9307;0000-0002-2890-5165;0000-0003-1787-7960;0000-0001-6805-7482;0000-0002-8647-9993;0000-0002-0082-9770;0000-0001-5805-2792;0000-0002-6428-8467;0000-0002-9842-712X;0000-0002-2994-9872;0000-0003-0919-801X;0000-0002-4398-1983;0000-0002-6701-4285;0000-0001-5909-0176;0000-0002-8822-7300;0000-0002-6040-2701;0000-0002-3633-1368;0000-0003-4516-5469;0000-0002-5408-3740,,
039-GRNC,"(ca) - Grup de Recerca en Neurobiologia del Comportament (GReNeC-Neurobio),(es) - Grupo de Investigación en Neurobiología del Comportamiento (GReNeC-Neurobio),(en) - Neurobiology of Behaviour Research Group (GReNeC-Neurobio)",,https://www.upf.edu/web/grenec,GRNC,02/02/2005,2017SGR0109,,"Garcia Baos, Alba;Martín Sánchez, Ana;Valverde Granados, Olga",,,Universitat Pompeu Fabra,039-GRNC,11/07/2023,,0000-0001-9635-6906;0000-0002-7046-8886;0000-0003-2264-7852,,
G59319681-647,(en) - Neoplàsies mieloides,,,647,,,"Esteve Reyner, Jordi","Cortés Bullich, Albert;Díaz Beyá, Marina;Correa Saldarriaga, Juan Gonzalo;Gaya Valls, Anna;Martínez Roca, Alexandra Patricia;Cervantes Requena, Francisco;Bataller Torralba, Alex;Álvarez Larrán, Alberto;Jiménez Vicente, Carlos;Castaño Díez, Sandra;Garrote Ordeig, Marta;Guijarro Tomas, Francisca",,,Fundació de Recerca Clínic Barcelona-Institut d'Investigacions Biomèdiques August Pi i Sunyer,G59319681-647,08/02/2024,0000-0002-8056-648X,0000-0002-6260-901X;0000-0001-9624-2597;0000-0001-6470-8102;0000-0002-0991-7785;0000-0003-2143-5356;0000-0003-2664-8131;0000-0002-6085-2745;0000-0001-6387-4619;0000-0002-9548-4305;0000-0001-9044-4665;0000-0001-8571-1466;0000-0001-6376-0929,,
Q5856414G-6080,(en) - Arrítmies i activitat física,,,6080,,,"Guasch Casany, Eduard","Sangüesa Puigcentos, Gemma;Batlle Perales, Montserrat",,,Institut d'Investigacions Biomèdiques August Pi i Sunyer,Q5856414G-6080,16/06/2021,,,,
043-UDG-GR000756,(ca) - Grup d'Investigació en Economia Pública (GIEP),,,000756,01/01/2017,2017SGR0195,"del Rey Canteli, Elena","Xabadia Palmada, Maria Angela;Goetz, Renan Ulrich;Boccard, Nicolas Marie Maurice;Berga Colom, Maria dels Dolors",,"Marco Renau, Jorge;Tosu, Dilara",Universitat de Girona,043-UDG-GR000756,24/03/2023,0000-0001-7644-4490,0000-0002-7005-0201;0000-0002-4672-8502;0000-0001-7173-6646;0000-0002-4873-7904,,0000-0001-7779-6455
17015281-gr299,(un) - Imatge Mèdica,,,IDIBGI_ImMedica,01/01/2005,,"Pineda Sanchez, Victor","Vilanova Busquets, Joan Carles;Marti Navas, Maria Angels;Puig Pla, Jordi;Biarnes Duran, Carles",,,Institut d’Investigació Biomèdica de Girona Dr. Josep Trueta,17015281-gr299,24/04/2024,0000-0002-2227-0867,0000-0003-2148-6751;0000-0003-2187-9723;0000-0003-2791-6599;0000-0002-6604-2014,,
08070672-45,(ca) - Grup de recerca en carcinogènesi gastroesofàgica,,https://www.imim.es/programesrecerca/cancer/ubcmcarmebolos.html,45,,,"Pera Román, Manuel Ramón","Visa Turmo, Laura;Gil Gómez, Gabriel;Iglesias Coma, Mar;Gimeno López, Marta",,,Institut Hospital del Mar d'Investigacions Mèdiques,08070672-45,27/11/2024,0000-0002-9449-1810,0000-0002-3409-8857;0000-0002-9790-7308;0000-0002-2274-4671;0000-0003-3237-9927,,
041-URL-GRGRQUIFAR,(ca) - Grup de Química Farmacèutica (GQF),,https://gqf.iqs.edu/,GRQUIFAR,01/01/2017,,José I. Borrell,"Torres Urtizberea, Endika;Balfagon Costa, Albert;Nomen Ribe, Rosa;Ros Blanco, Laia;Semino Margrett, Carlos Eduardo;Montagut Perez, Ana Maria;Puig de la Bellacasa Cazorla, Raimon;Betriu Rossello, Nausika;Lirio Martinez, Angel;Batllori Aguilà, Xavier;Cuenca Gonzalez, Ana Belen;Artalejo Ortega, Beatriz;Sempere Cebrian, Julià;Manen Freixa, Leticia;De Rocafiguera Viladecans, Claudi;Roger Estrada-Tejedor;Teixido Closa, Jordi;Serra Hosta, Eduard",,"Lloveras Monserrat, Maia;Berzosa Rodriguez, Xavier;Cuartero Albesa, Ana Mª;Ondoño Molina, Raul;Gibert Bosch, Albert",Universitat Ramon Llull,041-URL-GRGRQUIFAR,16/02/2023,0000-0001-9409-2919,0000-0001-8325-2032;0000-0002-9886-5322;0000-0002-4529-9697;0000-0002-4139-5796;0000-0002-6712-8418;0000-0002-3169-1970;0000-0001-8349-4082;0000-0001-5167-1371;0000-0003-2573-9533;0000-0001-8677-109X;0000-0002-6842-1261;0000-0003-4272-0922;0000-0001-8945-1980;0000-0001-7077-7657;0000-0002-7914-5098;0000-0002-2983-0492;0000-0002-2720-9811;0000-0002-3463-5317,,0000-0001-5391-5974;0000-0001-5711-3151
044-UDL-GR000475,(ca) - Cicle Cel·lular Eucariota,,http://www.irblleida.cat,000475,18/10/2005,2021SGR1113,"Garí Marsol, Eloi","Belli Martinez, Gemma;Ferrezuelo Muñoz, Francisco;Torres Rosell, Jordi;Casali Taberner, Andreu;Colomina Gabarrella, Neus;Egea Navarro, Joaquim",,"Rius Balcells, Sonia Dolors;Codina Fabra, Joan;Solé Soler, Roger Ferran;Ribes Santolaria, Marina;Aldea Malo, Marti;Pérez Lorite, Neus;Montes Labrador, Patricia;Zammou, Bahira;Metwally Abdelrahim, Galal;Vicario Andrade, Alba;Poquet Fullana, Blanca;Pérez Paredes, Alexis",Universitat de Lleida,044-UDL-GR000475,08/02/2024,0000-0002-3505-4901,0000-0002-4161-3204;0000-0001-9403-0355;0000-0003-1308-6926;0000-0003-1738-869X;0000-0002-1986-1199;0000-0002-1164-8377,,0000-0002-8710-5336
08070763-gr513,(un) - BIOQUIMICA CARDIOVASCULAR,,http://www.recercasantpau.cat/en/group/cardiovascular-biochemistry/,A1-03,03/12/2010,,"Sanchez Quesada, Jose Luis","Benitez Gonzalez, Sonia;Garcia Osuna, Alvaro",,,Institut de Recerca Hospital de Sant Pau – IIB Sant Pau,08070763-gr513,11/07/2023,0000-0003-0224-591X,0000-0003-3565-0743;0000-0002-6682-0226,,
Q7550005H-0a56904f-32c5-4dc6-8e39-da2cf5f96949,(un) - Forest Landscape Planning and Decision Making Group,FORPLADEM,,FORPLADEM,16/01/2022,2021SGR1544,"Garcia-Gonzalo, Jordi","Krsnik, Goran;Salgado, José I.;Trasobares Rodríguez, Antoni;Coello Gómez, Jaime;Porkhun, Olena;González Olabarría, José Ramón;Cristal, Irina;Aquilue, Nuria;Sanahuja, Albert;Martín-Gómez, Paula;Correal Modol, Eduard",,,Centre de Ciència i Tecnologia Forestal de Catalunya,Q7550005H-0a56904f-32c5-4dc6-8e39-da2cf5f96949,27/09/2023,0000-0001-9946-5753,0000-0003-3373-5188;0000-0001-9817-2625;0000-0002-8123-9405;0000-0002-4073-9331;0000-0003-4665-0415;0000-0002-5040-712X;0000-0001-6089-0824;0000-0001-7911-3144;0000-0003-2356-0978;0000-0001-5810-6762;0000-0003-2480-7901,,
042-URV-GR1810,(ca) - Social & Business Research Laboratory,,,1810,01/01/2022,2021SGR0460,"Pastor Gosálbez, María Inmaculada","De Andrés Sànchez, Jorge;Ruiz Martínez, Rocío;Belzunegui Eraso, Angel Gabriel;Vidal Blasco, Maria Arantzazu;Torres Coronas, Maria Teresa;Pontón Merino, Paloma",,,Universitat Rovira i Virgili,042-URV-GR1810,27/09/2023,0000-0003-4913-0722,0000-0002-7715-779X;0000-0003-1277-4743;0000-0002-6355-1593;0000-0002-3931-2381;0000-0002-9900-4997;0000-0001-6929-8288,,
G63971451-13717,(en) - Protein Expression,,,13717,,,,"Moustafa, Oumout Egkemen;Berrow, Nicholas Simon;Rodriguez Perez, Angela;García Fernández, Mª Queralt",,,Institut de Recerca Biomèdica de Barcelona,G63971451-13717,08/02/2024,,0009-0005-7303-6746;0000-0002-6104-4117;0009-0006-2939-1377;0000-0003-4793-9333,,
08072841-17348,"(en) - Climate, Air Pollution And Urban Environment",,,17348,,,,"Fresán Salvo, Ujué;Basagaña Flores, Xavier;Chen, Zhaoyue;Nieuwenhuijsen, Mark;Ranzani, Otavio;Lloyd, Simon John",,,Barcelona Institute for Global Health,08072841-17348,27/09/2023,,0000-0001-8140-4338;0000-0002-8457-1489;0000-0002-8081-7998;0000-0001-9461-7981;0000-0002-4677-6862;0000-0002-9728-8674,,
43018191-321d8b92-f804-4362-95e0-07568780d0cf,"(un) - Subsistence, Technology and Human Evolution,(ca) - Evolució social, cultural i biològica al Plistocè/ Social, cultural, and biological evolution during the Pleistocene",Step,http://www.iphes.cat/subsistence-technology-and-human-evolution,"2021SGR01239,1842",01/01/2022,2021SGR1239,"Ollé Cañellas, Andreu","Marqueta, Mario;Arteaga Brieba, Andión;Pineda Alcalá, Antonio;Yesilova, Gorkem Cenk;Lozano Ruiz, Marina;Rangel de Lázaro, Gizeh;Asryan, Lena;Del Bove, Antonietta;Gabucio Vilarrasa, Maria Joana;López Polín, Lucia;Del Valle, Héctor;Santander, Boris;Martín-Francés Martín de la Fuente, Laura;Rodríguez Hidalgo, Antonio;Mosquera Martínez, Marina;Rey Rodríguez, Iván;Mercader, Julio;Salas Altès, Míriam;Suesta Guillén, Alfred;Arroyo, Adrián;Bargalló, Amèlia;Messana, Chiara;Marcé Nogué, Jordi;Guardiola Fígols, Miquel;Hernando Santamaría, Raquel;Gamarra Rubio, Beatriz;Akuku, Pamela;García Medrano, Paula;Vergès Bosch, Josep Maria;Lombao, Diego;Valtierra, Noé;Saladié Ballesté, Palmira;Mateo Lomba, Paula;Arlegi Virto, Mikel;Landi, Federica;Rodríguez Álvarez, José Pedro;Buzi, Costantino;Díaz Cortés, Andrea;Huguet Pàmies, Rosa;Marín, Juan;Marginedas, Francesc;Carbonell Roura, Eudald;Lorenzo Merino, Carlos;Profico, Antonio;Tumung, Laxmi;Bustos Pérez, Guillermo;Mielgo, Clara;Moreno Ibáñez, Miguel Ángel",,,"Fundació Institut Català de Paleoecologia Humana i Evolució Social,Universitat Rovira i Virgili","43018191-321d8b92-f804-4362-95e0-07568780d0cf,042-URV-GR1842",08/02/2024,0000-0002-8643-5536,0000-0002-2442-8832;0000-0001-7484-962X;0000-0002-3767-8590;0000-0002-0026-2735;0000-0002-6304-7848;0000-0002-3257-0783;0000-0002-7895-8812;0000-0001-6620-4514;0000-0002-5061-1825;0000-0002-5810-4115;0000-0003-4363-8082;0000-0002-3292-0675;0000-0001-5853-5014;0000-0002-5449-9287;0000-0003-4823-6154;0000-0002-7253-5552;0000-0002-5637-7937;0009-0005-1257-7186;0000-0003-0954-0057;0000-0002-5850-0847;0000-0003-4175-7600;0000-0002-6188-9603;0000-0001-9852-7027;0000-0001-7609-470X;0000-0002-4873-0657;0000-0003-3764-497X;0000-0003-2165-7709;0000-0002-4574-1019;0000-0003-1807-7463;0000-0001-8991-7947;0000-0003-0731-2667;0000-0002-1730-8461;0000-0002-4516-0150;0000-0001-5665-9275;0000-0002-4729-3651;0000-0002-1852-2283;0000-0001-8951-2990;0000-0002-5629-4226;0000-0002-1750-6249;0000-0002-5698-602X;0000-0003-4955-0831;0000-0001-6306-3621;0000-0001-5706-293X;0000-0003-2884-7118;0000-0002-1447-8449;0000-0002-1089-818X;0000-0003-2723-2138;0000-0002-9781-307X,,
024-84845573406,"(en) - PTP-GlaDyM - Phase transitions, polymorphism, glasses and dynamics of the metastability",PTP-GlaDyM,http://futur.upc.edu/PTP-GlaDyM,PTP-GlaDyM,01/01/2022,,"Tamarit Mur, Jose Luis","Crespo Artiaga, Daniel;Rojas Gregorio, Jose Ignacio;Albert Tortosa, Francesc;Salvatori, Alejandro;Del Barrio Casado, Maria;Bruna Escuer, Pere;Salvado Cabre, Nativitat;Macovez, Roberto;Pineda Soler, Eloy;Romanini, Michela;Pardo Soto, Luis Carlos;Pradell Cara, Trinitat;Lloveras Muntane, Pol Marcel",,"Mirzay Shahim, Maahin",Universitat Politècnica de Catalunya,024-84845573406,28/11/2022,0000-0002-7965-0000,0000-0003-1743-2400;0000-0002-7025-4378;0000-0003-3024-1342;0000-0002-3233-1782;0000-0003-3467-7581;0000-0002-7411-1278;0000-0003-2266-2390;0000-0001-5026-9372;0000-0002-1871-3848;0000-0002-1685-855X;0000-0002-2768-0013;0000-0002-8720-5492;0000-0003-4133-2223,,
08070672-109,(ca) - Grup de recerca en neuroimmunologia,,https://www.imim.es/programesrecerca/inflamacio/neuroimmunologia.html,109,,,"Martínez Rodríguez, José Enrique","Vera Barrón, Andrea;Munteis Olivas, Elvira;Moreira Villanueva, Antía",,,Institut Hospital del Mar d'Investigacions Mèdiques,08070672-109,16/02/2023,0000-0001-6765-5587,0000-0003-4590-5009;0000-0002-6195-9106;0000-0002-6395-5184,,
08070672-121,(ca) - Grup de recerca en comunicació de teixits,,,121,,,"Welz-, Patrick Simon",,,,Institut Hospital del Mar d'Investigacions Mèdiques,08070672-121,25/11/2021,,,,
024-71681948119,"(es) - COSDA-UPC - Análisis de Datos Composicionales y Espaciales,(ca) - COSDA-UPC - Anàlisis de Dades Composicionals i Espacials,(en) - COSDA-UPC - COmpositional and Spatial Data Analysis",COSDA-UPC,https://cosda.upc.edu/en,COSDA-UPC,11/06/2015,,"Graffelman, Jan","Ortego Martinez, Maria Isabel",,"Diaz Barrero, Jose Luis;Corral Lopez, Jesus",Universitat Politècnica de Catalunya,024-71681948119,27/11/2024,0000-0003-3900-0780,0000-0001-9437-9354,,
022-60d158f3-f7e6-4fab-8474-b10c79f07d9a,"(en) - Research Group MIRAS Mediation and Interpreting: Research in the Social Field,(es) - Grup de recerca MIRAS. Mediació i Interpretació: Recerca en l`Àmbit Social,(ca) - Grup de recerca MIRAS. Mediació i Interpretació: Recerca en l`Àmbit Social",,http://grupsderecerca.uab.cat/miras,60d158f3-f7e6-4fab-8474-b10c79f07d9a,01/10/2009,2017SGR1222,"Arumi Ribas, Marta","Gil Bardaji, Anna;Vargas Urpi, Mireia;Orozco Jutoran, Mariana;Bestue Salinas, Maria Carmen",,,Universitat Autònoma de Barcelona,022-60d158f3-f7e6-4fab-8474-b10c79f07d9a,28/11/2022,0000-0001-6923-994X,0000-0003-3515-9719;0000-0001-6302-581X;0000-0003-4044-6675;0000-0001-7945-9348,,
022-201bc7b2-731f-4e37-83e9-a96e745af3df,"(ca) - Grup d'Òptica,(es) - Grup d'Òptica,(en) - Grup d'Òptica",,,201bc7b2-731f-4e37-83e9-a96e745af3df,01/01/2022,2021SGR0138,"Ahufinger Breto, Veronica","Yzuel Gimenez, Josefa;Lizana Tutusaus, Angel;Campos Coloma, Juan Ignacio Pedro",,"Viedma Palomo, David;Rodríguez Mangues, Carla;Celi, Alessio;Canabal Carbia, Mónica;Nicolau Jiménez, Eulàlia;Hensel., Christian Marekus;Bergmann., Julia",Universitat Autònoma de Barcelona,022-201bc7b2-731f-4e37-83e9-a96e745af3df,27/09/2023,0000-0002-6628-9930,0000-0002-7235-5578;0000-0002-4861-8657;0000-0002-2479-4373,,
004-UB-GR005293,(ca) - Grup d'Investigació i Assessorament Didàctic,,http://www.ub.es/doe/recerca/giad/cas/index.html,005293,01/01/2017,2017SGR1315,"Lorenzo Ramirez, Nuria","Castells Tello, Astrid;Sangra Boladeres, Antoni;Reig Sansó, Concepcio;Mallart Solaz, Alberto",,"Ollé Terres, Marta;Soler Burgues, Gloria;Dos Santos Costa, Graça;Marzo Guarinos, Angel;Gonzalez Parera, Montserrat;Ballesteros Morillo, Gerard;Rajadell Puiggros, Nuria;Clave Civit, Ana Maria;Esquerra Roqueta, Anna;Del Pino Parra, Diego;Renom Sotorra, M. dels Angels;Mallart Navarra, Juan;Gassol Castells, Anna Maria;Mas Vallve, Sheila;Sola Descamps, Lluis;Janer Arasa, Maria Pilar",Universitat de Barcelona,004-UB-GR005293,24/03/2023,0000-0003-0094-3861,0000-0001-5095-3481;0000-0002-9789-3815;0000-0002-0253-2823;0000-0003-3442-1551,,0000-0001-9766-3916;0000-0001-7770-0118;0000-0003-0758-4339;0000-0002-9162-629X;0000-0002-7329-8843;0000-0003-3286-0868
043-UDG-GR001070,"(ca) - Medusa, Gèneres en Transició. Masculinitats, cossos i afectes.,(ca) - Gèneres en Transició: Masculinitats, cossos i afectes",MEDUSA,https://blogs.uoc.edu/medusa/,"001070,82",14/09/2017,2021SGR0340,"Enguix Grau, Begonya","Abril Morales, Francisco;Vayreda Duran, Agnès;Núñez Mosteo, Francesc",,,"Universitat de Girona,Universitat Oberta de Catalunya","043-UDG-GR001070,054-33995692505",08/02/2024,0000-0002-5020-9019,0000-0001-7843-7163;0000-0003-0639-113X;0000-0002-5335-8896,,
043-UDG-GRGRCT0035,(ca) - Grup de Recerca en Estadística i Anàlisi de Dades Composicionals (GR-EADC),,https://www.udg.edu/ca/grupsrecerca/GR-EADC,GRCT0035,26/11/2001,,"Martin Fernandez, Jose Antonio","Vives Mestres, Marina;Daunis i Estadella, Pepus;Mateu Figueras, Maria Gloria;Saperas Riera, Jordi;Comas Cufi, Marc;Palarea Albaladejo, Javier",,"Galvan Femenia, Ivan;Pawlowsky Glahn, Vera;Thió Fernández de Henestrosa, Santiago;Barcelo Vidal, Carles",Universitat de Girona,043-UDG-GRGRCT0035,29/11/2023,0000-0003-2366-1592,0000-0001-8304-257X;0000-0001-6134-9255;0000-0002-2477-2764;0000-0001-8221-4325;0000-0001-9759-0622;0000-0003-0162-669X,,0000-0002-6124-3730;0000-0001-9775-6434;0000-0003-2555-6489;0000-0002-2920-8759
022-db4caf12-940b-4f5c-b40a-e2d612e36a62,"(es) - Grup de Recerca Laboratori de Prospectiva i Recerca en Comunicació, Cultura i Cooperació,(ca) - Grup de Recerca Laboratori de Prospectiva i Recerca en Comunicació, Cultura i Cooperació,(en) - The Prospective and Research Laboratory in Communication, Culture and Cooperation,(ca) - Laboratori de Prospectiva i Recerca en Comunicació, Cultura i Cooperació (LAPREC)",LAPREC,https://webs.uab.cat/laprec/,"db4caf12-940b-4f5c-b40a-e2d612e36a62,001064",01/01/2014,2021SGR0054,"Carniel Bugs, Ricardo","Simelio Sola, Nuria;Velazquez Garcia Talavera, Teresa;Giraldo Luque, Santiago;del Rio Sanchez, Olga Felisa;Costa Fernàndez, Lluís;Crusafon Baques, Carmina;Molina Martinez, Lucia",,,"Universitat Autònoma de Barcelona,Universitat de Girona","022-db4caf12-940b-4f5c-b40a-e2d612e36a62,043-UDG-GR001064",08/02/2024,0000-0002-9303-9515,0000-0002-9220-5155;0000-0002-0861-1127;0000-0003-0024-7081;0000-0003-0482-3015;0000-0001-7152-8388;0000-0002-6348-0799;0000-0003-4180-6644,,
024-35399164716,"(ca) - SPAq - Sistemes de Produccio Aquicola,(es) - SPAq - Sistemas de Produccion Acuicola,(en) - SPAq - Aquaculture Production Systems",SPAq,https://futur.upc.edu/SPAq,SPAq,01/01/2015,,"Masalo Llora, Ingrid",,,,Universitat Politècnica de Catalunya,024-35399164716,29/11/2023,0000-0001-6274-4505,,,
022-3103ff16-a0a8-4cc8-84a4-6558d9170d09,"(es) - Grup de Recerca Col·lectiu d'Investigació en Formació Ocupacional,(en) - Grup de Recerca Col·lectiu d'Investigació en Formació Ocupacional,(ca) - Grup de Recerca Col·lectiu d'Investigació en Formació Ocupacional - CIFO",CIFO,,3103ff16-a0a8-4cc8-84a4-6558d9170d09,01/10/2009,2021SGR1302,"Navio Gamez, Antonio","Jurado de los Santos, Pedro;Mas Torello, Oscar;Tejada Fernandez, Jose;Ruiz Bueno, Carmen",,"Berbel Gimenez, Gaspar;Jorge Rubilar;Daniel Ortega Ortigosa;Leiva Cordero, Oswaldo;Manel Fandos Garrido;Miranda-Ossandón, Jorge;Soler Costa, Rebeca",Universitat Autònoma de Barcelona,022-3103ff16-a0a8-4cc8-84a4-6558d9170d09,27/05/2023,0000-0002-1638-9167,0000-0001-8239-8558;0000-0003-2512-0861;0000-0001-9044-8826;0000-0003-3694-3150,,
042-URV-GR1762,(ca) - GRUP D'ESTUDI DE MALALTIES METABÒLIQUES ASSOCIADES A INSULINRESISTÈNCIA,,,1762,01/01/2022,2021SGR0030,"Auguet Quintillà, Maria Teresa","Del Castillo Déjardin, Daniel;Porras Ledantes, Jose Antonio;Sabench Pereferrer, Fàtima;Bertran Ramos, Laia;Richart Jurado, Cristòbal Manuel;Aguilar Crespillo, Carmen Isabel;Martínez González, María Salomé",,,Universitat Rovira i Virgili,042-URV-GR1762,27/09/2023,0000-0003-0396-6428,0000-0003-0456-3102;0000-0001-6418-1822;0000-0002-9262-8756;0000-0001-9052-1368;0000-0003-0852-6739;0000-0002-4440-562X;0000-0001-6185-2889,,
022-75f4ff64-a538-4240-8b5a-503d476f1709,"(es) - Grup de Recerca de processament del Senyal per Comunicacions i Navegació - SPCOMNAV,(ca) - Grup de Recerca de processament del Senyal per Comunicacions i Navegació - SPCOMNAV,(en) - Grup de Recerca de processament del Senyal per Comunicacions i Navegació - SPCOMNAV",,,75f4ff64-a538-4240-8b5a-503d476f1709,01/10/2009,2017SGR1781,"Seco Granados, Gonzalo","Morell Perez, Antoni;Egea Roca, Daniel;Lopez Vicario, Jose",,,Universidad Autónoma de Barcelona,022-75f4ff64-a538-4240-8b5a-503d476f1709,16/06/2021,,,,
G59319681-10158,(en) - Computació translacional en cardiologia,,,10158,,,"Bijnens, Bart","Prats Valero, Josa;Jiménez Pérez, Guillermo;Aguado Martin, Ainhoa Marina;Martí Castellote, Pablo-Miki;Antunes Nogueira, Mariana;Garcia Cañadilla, Patricia",,,Fundació de Recerca Clínic Barcelona-Institut d'Investigacions Biomèdiques August Pi i Sunyer,G59319681-10158,24/03/2023,0000-0003-3130-6937,0000-0002-0464-6947;0000-0002-2281-107X;0000-0003-3281-4298;0000-0003-0252-5831;0000-0001-5343-3422;0000-0002-0223-1617,,
Q0801214H-gr313,(un) - Sterol and terpenoid metabolism in plant development and str,,,rg14,01/01/2005,,"Altabella Artigas, Teresa;Ferrer Prats, Alberto","Martín Matas, Guiomar;López Tubau, Joan Manel",,,Centre de Recerca en Agrigenòmica,Q0801214H-gr313,29/11/2023,0000-0002-6915-5823;0000-0002-0741-2388,0000-0001-6642-1666;0000-0002-2963-2787,,
G64045719-13928,(en) - Pluripotency for organ regeneration,,,13928,,,,"Montserrat Pulido, Núria;Goux Corredera, Iphigénie;Marco Giménez, Andrés;Garreta Bahima, Elena;Tarantino, Carolina;Moya Rull, Daniel;Nauryzgaliyeva, Zarina",,,Institut de Bioenginyeria de Catalunya,G64045719-13928,08/02/2024,,0000-0002-1603-1755;0009-0006-4642-1267;0000-0002-9831-8433;0000-0002-1071-9794;0000-0003-2470-3803;0000-0002-3555-6477;0000-0003-3233-1325,,
